date,soil_wetness,humidity,rainfall,wind_speed,solar_radiation
2020-01-01,0.62,53.82,-999.0,3.86,10.56
2020-01-02,0.62,74.56,-999.0,3.2,6.09
2020-01-03,0.64,87.89,-999.0,2.32,6.01
2020-01-04,0.63,88.58,-999.0,3.04,11.99
2020-01-05,0.62,73.38,-999.0,3.56,9.96
2020-01-06,0.61,54.99,-999.0,2.83,8.69
2020-01-07,0.63,80.08,-999.0,3.31,6.85
2020-01-08,0.64,86.32,-999.0,3.34,5.28
2020-01-09,0.69,92.82,-999.0,1.98,4.39
2020-01-10,0.65,62.77,-999.0,2.04,11.19
2020-01-11,0.64,50.25,-999.0,2.14,8.86
2020-01-12,0.63,54.2,-999.0,2.77,8.99
2020-01-13,0.63,59.75,-999.0,2.2,11.27
2020-01-14,0.63,70.14,-999.0,1.44,9.81
2020-01-15,0.63,67.11,-999.0,3.07,12.05
2020-01-16,0.68,79.95,-999.0,4.18,3.61
2020-01-17,0.74,94.57,-999.0,2.88,2.02
2020-01-18,0.69,77.65,-999.0,3.01,8.16
2020-01-19,0.68,69.01,-999.0,2.57,9.8
2020-01-20,0.67,59.53,-999.0,1.71,9.55
2020-01-21,0.66,62.99,-999.0,2.19,8.81
2020-01-22,0.66,63.86,-999.0,2.68,14.0
2020-01-23,0.65,65.15,-999.0,3.48,12.09
2020-01-24,0.65,55.37,-999.0,3.29,12.24
2020-01-25,0.64,55.95,-999.0,2.73,13.93
2020-01-26,0.64,64.8,-999.0,2.59,12.47
2020-01-27,0.64,60.98,-999.0,3.31,9.77
2020-01-28,0.63,67.54,-999.0,2.97,11.31
2020-01-29,0.64,86.83,-999.0,3.85,8.44
2020-01-30,0.64,72.84,-999.0,2.48,14.43
2020-01-31,0.63,69.06,-999.0,3.45,16.13
2020-02-01,0.63,70.93,-999.0,3.03,12.01
2020-02-02,0.62,55.31,-999.0,3.03,16.45
2020-02-03,0.62,51.67,-999.0,3.11,15.89
2020-02-04,0.62,54.66,-999.0,3.26,14.92
2020-02-05,0.61,55.92,-999.0,3.36,16.49
2020-02-06,0.61,51.78,-999.0,3.55,14.83
2020-02-07,0.61,52.49,-999.0,2.75,15.29
2020-02-08,0.6,55.75,-999.0,2.49,15.04
2020-02-09,0.6,53.77,-999.0,3.51,15.97
2020-02-10,0.6,54.7,-999.0,2.76,16.87
2020-02-11,0.59,56.69,-999.0,2.25,16.58
2020-02-12,0.59,57.42,-999.0,2.53,16.28
2020-02-13,0.58,59.15,-999.0,1.43,16.02
2020-02-14,0.58,64.98,-999.0,3.84,15.79
2020-02-15,0.58,63.74,-999.0,2.81,16.86
2020-02-16,0.57,63.9,-999.0,2.2,16.63
2020-02-17,0.57,57.62,-999.0,2.75,16.18
2020-02-18,0.56,49.69,-999.0,3.12,18.29
2020-02-19,0.56,52.45,-999.0,2.15,14.38
2020-02-20,0.56,58.09,-999.0,1.92,14.36
2020-02-21,0.61,71.24,-999.0,5.68,8.5
2020-02-22,0.61,71.93,-999.0,2.63,6.58
2020-02-23,0.63,71.4,-999.0,2.84,14.59
2020-02-24,0.63,70.14,-999.0,2.27,14.01
2020-02-25,0.69,85.91,-999.0,2.37,3.88
2020-02-26,0.65,75.17,-999.0,3.17,13.6
2020-02-27,0.63,75.55,-999.0,3.72,11.02
2020-02-28,0.62,65.5,-999.0,3.56,14.06
2020-02-29,0.61,63.94,-999.0,2.85,17.83
2020-03-01,0.6,66.52,-999.0,3.65,13.56
2020-03-02,0.61,66.03,-999.0,3.21,18.71
2020-03-03,0.6,65.06,-999.0,2.7,19.19
2020-03-04,0.59,59.49,-999.0,2.65,18.31
2020-03-05,0.59,63.9,-999.0,1.7,9.89
2020-03-06,0.62,71.05,-999.0,6.11,6.94
2020-03-07,0.66,75.83,-999.0,6.56,17.04
2020-03-08,0.61,62.83,-999.0,2.93,21.81
2020-03-09,0.6,58.55,-999.0,3.5,22.54
2020-03-10,0.59,59.33,-999.0,3.27,19.67
2020-03-11,0.59,62.04,-999.0,4.37,18.47
2020-03-12,0.59,59.92,-999.0,2.43,20.71
2020-03-13,0.65,73.69,-999.0,7.24,9.06
2020-03-14,0.62,61.49,-999.0,2.7,17.9
2020-03-15,0.63,67.82,-999.0,2.67,18.54
2020-03-16,0.6,63.97,-999.0,3.19,22.27
2020-03-17,0.59,65.27,-999.0,2.91,23.36
2020-03-18,0.58,61.36,-999.0,2.52,22.72
2020-03-19,0.58,61.45,-999.0,3.09,21.6
2020-03-20,0.57,61.63,-999.0,3.01,19.74
2020-03-21,0.58,62.11,-999.0,2.23,19.17
2020-03-22,0.58,66.45,-999.0,3.06,17.61
2020-03-23,0.57,63.26,-999.0,1.57,20.46
2020-03-24,0.56,64.39,-999.0,3.12,19.76
2020-03-25,0.56,62.64,-999.0,3.19,22.78
2020-03-26,0.55,56.91,-999.0,4.5,23.98
2020-03-27,0.54,53.84,-999.0,3.77,7.73
2020-03-28,0.54,61.85,-999.0,3.71,24.91
2020-03-29,0.53,58.28,-999.0,4.26,25.9
2020-03-30,0.52,51.05,-999.0,3.94,26.46
2020-03-31,0.52,47.25,-999.0,3.09,24.81
2020-04-01,0.52,50.41,-999.0,3.23,24.14
2020-04-02,0.51,47.67,-999.0,3.53,25.89
2020-04-03,0.5,46.55,-999.0,4.15,27.02
2020-04-04,0.49,46.48,-999.0,3.73,26.62
2020-04-05,0.49,45.95,-999.0,3.45,26.15
2020-04-06,0.48,47.43,-999.0,4.71,26.65
2020-04-07,0.48,42.84,-999.0,3.76,26.93
2020-04-08,0.47,41.5,-999.0,4.46,21.6
2020-04-09,0.47,44.6,-999.0,4.43,26.02
2020-04-10,0.46,47.75,-999.0,3.26,25.5
2020-04-11,0.46,49.4,-999.0,4.73,25.32
2020-04-12,0.45,45.88,-999.0,3.21,26.2
2020-04-13,0.44,46.86,-999.0,3.54,25.53
2020-04-14,0.46,50.47,-999.0,1.89,19.28
2020-04-15,0.47,53.75,-999.0,3.29,21.07
2020-04-16,0.44,48.39,-999.0,4.19,23.02
2020-04-17,0.45,48.11,-999.0,5.27,18.71
2020-04-18,0.46,48.51,-999.0,3.97,24.22
2020-04-19,0.45,47.6,-999.0,3.0,19.57
2020-04-20,0.45,51.32,-999.0,2.54,17.81
2020-04-21,0.55,62.48,-999.0,5.97,23.17
2020-04-22,0.5,59.77,-999.0,3.07,24.4
2020-04-23,0.49,59.27,-999.0,2.59,21.76
2020-04-24,0.5,64.64,-999.0,3.9,25.18
2020-04-25,0.47,55.4,-999.0,2.75,17.3
2020-04-26,0.47,59.02,-999.0,2.81,10.87
2020-04-27,0.54,67.93,-999.0,3.42,12.14
2020-04-28,0.5,63.21,-999.0,2.94,22.24
2020-04-29,0.5,69.54,-999.0,3.49,17.03
2020-04-30,0.54,71.71,-999.0,2.88,15.33
2020-05-01,0.55,75.48,-999.0,3.98,9.99
2020-05-02,0.51,70.72,-999.0,3.27,23.0
2020-05-03,0.54,74.91,-999.0,3.3,21.35
2020-05-04,0.58,69.85,-999.0,2.7,17.67
2020-05-05,0.55,68.09,-999.0,2.38,8.96
2020-05-06,0.53,66.6,-999.0,2.76,23.61
2020-05-07,0.6,67.31,-999.0,2.81,23.71
2020-05-08,0.53,59.85,-999.0,3.76,26.64
2020-05-09,0.51,59.16,-999.0,2.2,24.3
2020-05-10,0.53,68.61,-999.0,4.05,19.48
2020-05-11,0.55,64.49,-999.0,2.45,25.98
2020-05-12,0.53,64.58,-999.0,4.41,17.92
2020-05-13,0.51,61.65,-999.0,3.18,23.52
2020-05-14,0.5,59.68,-999.0,3.2,25.11
2020-05-15,0.49,55.68,-999.0,5.02,25.31
2020-05-16,0.48,44.57,-999.0,4.34,28.9
2020-05-17,0.46,41.78,-999.0,3.83,29.05
2020-05-18,0.47,42.56,-999.0,3.85,27.46
2020-05-19,0.46,37.67,-999.0,3.99,28.59
2020-05-20,0.44,36.32,-999.0,4.28,28.33
2020-05-21,0.43,39.28,-999.0,2.5,27.48
2020-05-22,0.43,40.96,-999.0,3.46,25.63
2020-05-23,0.46,46.83,-999.0,3.62,24.91
2020-05-24,0.45,40.52,-999.0,5.09,24.84
2020-05-25,0.43,35.99,-999.0,3.53,28.43
2020-05-26,0.44,40.72,-999.0,4.88,27.88
2020-05-27,0.47,41.78,-999.0,5.19,25.03
2020-05-28,0.44,51.59,-999.0,2.52,21.02
2020-05-29,0.45,58.87,-999.0,2.83,21.42
2020-05-30,0.48,57.31,-999.0,3.32,6.09
2020-05-31,0.49,65.41,-999.0,2.52,13.23
2020-06-01,0.45,62.31,-999.0,2.91,18.08
2020-06-02,0.43,52.44,-999.0,3.98,26.04
2020-06-03,0.46,53.62,-999.0,3.71,24.27
2020-06-04,0.56,69.98,-999.0,2.75,10.48
2020-06-05,0.56,79.63,-999.0,2.81,5.38
2020-06-06,0.5,73.24,-999.0,2.99,19.34
2020-06-07,0.48,65.1,-999.0,3.98,22.67
2020-06-08,0.46,56.47,-999.0,3.82,24.07
2020-06-09,0.45,55.71,-999.0,2.83,22.99
2020-06-10,0.44,57.22,-999.0,3.1,20.18
2020-06-11,0.43,55.1,-999.0,2.66,18.02
2020-06-12,0.42,55.95,-999.0,2.95,20.9
2020-06-13,0.42,59.29,-999.0,3.12,19.87
2020-06-14,0.44,67.36,-999.0,3.61,18.25
2020-06-15,0.59,76.57,-999.0,3.12,21.8
2020-06-16,0.72,78.8,-999.0,2.99,20.32
2020-06-17,0.64,85.5,-999.0,3.6,12.25
2020-06-18,0.63,82.26,-999.0,3.46,14.09
2020-06-19,0.65,82.15,-999.0,2.48,12.05
2020-06-20,0.87,86.42,-999.0,3.37,14.95
2020-06-21,0.78,80.6,-999.0,2.88,14.61
2020-06-22,0.74,84.62,-999.0,4.42,19.2
2020-06-23,0.73,85.3,-999.0,4.12,15.14
2020-06-24,0.73,81.4,-999.0,2.38,19.98
2020-06-25,0.78,87.49,-999.0,2.67,19.51
2020-06-26,0.75,83.55,-999.0,3.96,18.15
2020-06-27,0.74,78.54,-999.0,3.7,14.06
2020-06-28,0.75,84.3,-999.0,3.52,11.82
2020-06-29,0.74,88.48,-999.0,2.43,10.99
2020-06-30,0.74,88.26,-999.0,3.44,17.84
2020-07-01,0.72,83.97,-999.0,3.41,20.09
2020-07-02,0.71,84.89,-999.0,4.11,19.28
2020-07-03,0.72,88.21,-999.0,2.49,12.94
2020-07-04,0.77,94.17,-999.0,4.83,15.44
2020-07-05,0.74,86.77,-999.0,2.07,15.46
2020-07-06,0.89,84.58,-999.0,2.71,14.75
2020-07-07,0.87,90.11,-999.0,5.93,3.85
2020-07-08,0.83,87.2,-999.0,3.13,16.23
2020-07-09,0.84,93.6,-999.0,4.13,17.55
2020-07-10,0.88,94.66,-999.0,3.32,11.76
2020-07-11,0.87,88.88,-999.0,4.7,12.43
2020-07-12,0.85,85.25,-999.0,2.37,18.73
2020-07-13,0.85,90.88,-999.0,3.37,20.49
2020-07-14,0.86,90.75,-999.0,2.76,12.09
2020-07-15,0.84,88.03,-999.0,3.47,15.12
2020-07-16,0.84,88.38,-999.0,3.69,20.93
2020-07-17,0.83,86.85,-999.0,1.7,19.97
2020-07-18,0.86,91.73,-999.0,4.11,10.19
2020-07-19,0.85,95.03,-999.0,2.57,13.84
2020-07-20,0.86,95.26,-999.0,2.88,9.07
2020-07-21,0.86,92.02,-999.0,2.34,14.15
2020-07-22,0.85,88.95,-999.0,3.06,21.04
2020-07-23,0.86,91.15,-999.0,5.8,14.12
2020-07-24,0.85,87.49,-999.0,1.61,13.09
2020-07-25,0.84,88.51,-999.0,4.22,15.68
2020-07-26,0.84,89.46,-999.0,2.45,20.18
2020-07-27,0.84,87.74,-999.0,4.12,10.36
2020-07-28,0.85,94.86,-999.0,4.75,7.14
2020-07-29,0.85,91.3,-999.0,4.5,9.08
2020-07-30,0.88,86.07,-999.0,1.93,9.84
2020-07-31,0.87,92.23,-999.0,3.03,13.71
2020-08-01,0.85,91.08,-999.0,3.17,15.01
2020-08-02,0.85,91.54,-999.0,2.74,17.25
2020-08-03,0.85,92.21,-999.0,3.57,14.06
2020-08-04,0.84,83.85,-999.0,2.54,22.07
2020-08-05,0.84,83.89,-999.0,3.27,18.05
2020-08-06,0.83,85.47,-999.0,5.76,22.61
2020-08-07,0.84,87.01,-999.0,4.53,20.72
2020-08-08,0.85,90.97,-999.0,4.68,15.01
2020-08-09,0.84,90.21,-999.0,2.53,9.63
2020-08-10,0.84,91.48,-999.0,2.18,12.09
2020-08-11,0.85,87.0,-999.0,3.01,11.53
2020-08-12,0.86,94.04,-999.0,3.71,8.05
2020-08-13,0.85,91.96,-999.0,3.01,11.94
2020-08-14,0.84,89.51,-999.0,2.76,14.87
2020-08-15,0.84,90.07,-999.0,5.05,15.34
2020-08-16,0.83,88.23,-999.0,3.07,14.32
2020-08-17,0.84,85.73,-999.0,2.95,14.99
2020-08-18,0.84,92.03,-999.0,3.41,12.56
2020-08-19,0.83,80.17,-999.0,1.67,13.02
2020-08-20,0.83,83.72,-999.0,3.13,18.41
2020-08-21,0.83,82.72,-999.0,3.47,18.45
2020-08-22,0.83,86.29,-999.0,4.35,17.54
2020-08-23,0.83,86.24,-999.0,3.28,15.6
2020-08-24,0.82,92.13,-999.0,2.59,16.97
2020-08-25,0.83,88.06,-999.0,2.97,18.45
2020-08-26,0.88,82.33,-999.0,2.9,17.39
2020-08-27,0.84,80.05,-999.0,3.14,21.06
2020-08-28,0.83,88.27,-999.0,3.47,11.82
2020-08-29,0.83,84.85,-999.0,4.54,18.91
2020-08-30,0.82,85.61,-999.0,3.61,18.36
2020-08-31,0.81,89.23,-999.0,3.71,20.27
2020-09-01,0.81,91.53,-999.0,3.29,15.84
2020-09-02,0.81,89.27,-999.0,3.17,13.67
2020-09-03,0.8,87.41,-999.0,4.9,17.44
2020-09-04,0.8,84.61,-999.0,3.29,14.93
2020-09-05,0.79,88.62,-999.0,3.96,17.8
2020-09-06,0.79,89.14,-999.0,2.0,16.15
2020-09-07,0.79,89.67,-999.0,3.16,15.74
2020-09-08,0.78,88.88,-999.0,4.08,17.01
2020-09-09,0.79,90.5,-999.0,3.39,15.39
2020-09-10,0.78,88.73,-999.0,3.32,13.8
2020-09-11,0.77,86.4,-999.0,3.37,15.9
2020-09-12,0.77,88.33,-999.0,3.26,15.37
2020-09-13,0.76,88.06,-999.0,3.51,15.72
2020-09-14,0.76,91.67,-999.0,3.49,13.61
2020-09-15,0.77,91.49,-999.0,2.83,12.45
2020-09-16,0.78,92.12,-999.0,3.92,11.14
2020-09-17,0.77,87.14,-999.0,3.78,14.8
2020-09-18,0.76,84.98,-999.0,3.83,12.92
2020-09-19,0.76,90.64,-999.0,2.26,14.9
2020-09-20,0.75,82.75,-999.0,1.57,20.9
2020-09-21,0.74,83.87,-999.0,3.01,21.0
2020-09-22,0.76,86.71,-999.0,1.91,17.62
2020-09-23,0.82,91.78,-999.0,2.42,8.75
2020-09-24,0.83,89.07,-999.0,0.91,11.61
2020-09-25,0.79,89.17,-999.0,3.64,15.01
2020-09-26,0.78,77.58,-999.0,2.55,14.58
2020-09-27,0.77,68.15,-999.0,1.93,14.36
2020-09-28,0.77,71.47,-999.0,1.56,18.06
2020-09-29,0.76,73.8,-999.0,2.73,18.25
2020-09-30,0.76,74.09,-999.0,2.48,18.36
2020-10-01,0.75,76.8,-999.0,2.27,19.4
2020-10-02,0.74,79.46,-999.0,1.96,18.27
2020-10-03,0.74,77.89,-999.0,2.64,17.83
2020-10-04,0.73,79.7,-999.0,2.69,16.85
2020-10-05,0.73,72.37,-999.0,2.36,18.46
2020-10-06,0.72,69.27,-999.0,2.18,19.25
2020-10-07,0.72,73.11,-999.0,2.39,18.57
2020-10-08,0.71,72.34,-999.0,1.8,18.21
2020-10-09,0.71,68.29,-999.0,2.63,19.8
2020-10-10,0.7,64.64,-999.0,2.77,19.94
2020-10-11,0.7,65.52,-999.0,2.33,18.64
2020-10-12,0.69,66.53,-999.0,1.96,18.28
2020-10-13,0.69,73.4,-999.0,1.44,17.51
2020-10-14,0.68,72.65,-999.0,2.29,16.65
2020-10-15,0.68,73.22,-999.0,1.65,17.48
2020-10-16,0.67,63.04,-999.0,2.22,17.62
2020-10-17,0.67,60.04,-999.0,2.0,18.2
2020-10-18,0.66,56.94,-999.0,1.97,16.7
2020-10-19,0.66,55.91,-999.0,2.17,16.73
2020-10-20,0.65,54.25,-999.0,2.2,18.88
2020-10-21,0.64,57.28,-999.0,2.24,17.07
2020-10-22,0.64,65.25,-999.0,2.59,15.34
2020-10-23,0.63,67.29,-999.0,1.52,15.98
2020-10-24,0.63,54.8,-999.0,1.96,17.06
2020-10-25,0.62,47.71,-999.0,2.14,17.08
2020-10-26,0.61,43.88,-999.0,2.52,16.61
2020-10-27,0.61,48.96,-999.0,2.23,16.77
2020-10-28,0.6,49.15,-999.0,2.37,16.75
2020-10-29,0.6,53.27,-999.0,1.86,16.68
2020-10-30,0.59,52.64,-999.0,2.41,17.11
2020-10-31,0.59,57.22,-999.0,1.91,16.42
2020-11-01,0.59,56.42,-999.0,1.93,11.2
2020-11-02,0.58,56.0,-999.0,2.19,13.75
2020-11-03,0.58,51.47,-999.0,2.22,13.6
2020-11-04,0.57,51.47,-999.0,2.49,13.8
2020-11-05,0.57,51.88,-999.0,2.94,14.03
2020-11-06,0.57,54.67,-999.0,3.25,14.59
2020-11-07,0.56,55.24,-999.0,2.38,14.32
2020-11-08,0.56,53.32,-999.0,1.6,13.61
2020-11-09,0.55,54.48,-999.0,2.33,14.17
2020-11-10,0.55,56.6,-999.0,2.14,15.34
2020-11-11,0.55,62.33,-999.0,2.38,15.63
2020-11-12,0.54,55.96,-999.0,2.21,14.1
2020-11-13,0.54,49.28,-999.0,2.77,14.15
2020-11-14,0.54,48.94,-999.0,2.35,13.67
2020-11-15,0.55,50.41,-999.0,2.62,13.21
2020-11-16,0.56,71.9,-999.0,4.17,13.83
2020-11-17,0.54,56.95,-999.0,2.2,14.78
2020-11-18,0.53,51.56,-999.0,1.73,13.59
2020-11-19,0.53,56.01,-999.0,2.78,11.6
2020-11-20,0.53,60.73,-999.0,1.94,13.55
2020-11-21,0.52,53.43,-999.0,3.62,14.96
2020-11-22,0.52,47.35,-999.0,2.88,15.41
2020-11-23,0.52,42.55,-999.0,2.74,12.22
2020-11-24,0.52,46.36,-999.0,2.23,12.63
2020-11-25,0.52,50.69,-999.0,1.94,10.67
2020-11-26,0.51,51.42,-999.0,2.23,10.82
2020-11-27,0.51,53.95,-999.0,2.37,13.42
2020-11-28,0.5,47.78,-999.0,2.29,14.76
2020-11-29,0.5,42.53,-999.0,2.52,13.89
2020-11-30,0.5,44.27,-999.0,2.65,12.97
2020-12-01,0.5,47.35,-999.0,1.61,12.35
2020-12-02,0.49,49.83,-999.0,3.07,13.06
2020-12-03,0.49,53.47,-999.0,2.58,11.56
2020-12-04,0.49,57.46,-999.0,2.22,10.79
2020-12-05,0.49,56.12,-999.0,3.32,11.6
2020-12-06,0.48,50.12,-999.0,3.1,11.58
2020-12-07,0.48,51.32,-999.0,2.94,11.83
2020-12-08,0.48,52.05,-999.0,3.06,11.12
2020-12-09,0.48,46.52,-999.0,2.79,10.0
2020-12-10,0.48,46.23,-999.0,3.11,9.23
2020-12-11,0.47,45.7,-999.0,2.67,8.17
2020-12-12,0.47,52.08,-999.0,2.18,10.19
2020-12-13,0.47,58.67,-999.0,2.75,12.48
2020-12-14,0.47,44.45,-999.0,3.02,12.7
2020-12-15,0.47,40.93,-999.0,3.06,11.98
2020-12-16,0.46,49.54,-999.0,3.73,12.02
2020-12-17,0.46,43.28,-999.0,2.9,11.97
2020-12-18,0.46,33.93,-999.0,3.3,10.63
2020-12-19,0.46,33.47,-999.0,3.1,10.98
2020-12-20,0.45,32.23,-999.0,2.9,11.36
2020-12-21,0.45,31.75,-999.0,2.87,12.28
2020-12-22,0.45,35.66,-999.0,2.21,10.59
2020-12-23,0.44,38.72,-999.0,2.46,11.98
2020-12-24,0.44,38.0,-999.0,3.15,11.6
2020-12-25,0.44,36.47,-999.0,2.48,13.47
2020-12-26,0.44,30.91,-999.0,2.88,13.04
2020-12-27,0.44,33.87,-999.0,3.29,10.91
2020-12-28,0.44,39.38,-999.0,2.96,10.07
2020-12-29,0.43,43.2,-999.0,3.29,11.27
2020-12-30,0.43,45.61,-999.0,2.2,11.39
2020-12-31,0.43,38.76,-999.0,2.57,12.15
2021-01-01,0.43,31.01,-999.0,2.87,12.06
2021-01-02,0.42,33.54,-999.0,2.41,10.83
2021-01-03,0.44,52.88,-999.0,2.18,8.12
2021-01-04,0.5,54.74,-999.0,2.37,9.25
2021-01-05,0.45,46.6,-999.0,2.49,12.25
2021-01-06,0.44,54.61,-999.0,2.41,11.26
2021-01-07,0.43,45.11,-999.0,2.73,12.08
2021-01-08,0.43,34.67,-999.0,2.92,11.37
2021-01-09,0.42,39.13,-999.0,3.78,11.31
2021-01-10,0.42,38.08,-999.0,3.57,11.18
2021-01-11,0.42,37.15,-999.0,2.5,8.7
2021-01-12,0.41,37.03,-999.0,3.69,10.73
2021-01-13,0.41,39.38,-999.0,3.57,11.71
2021-01-14,0.41,42.23,-999.0,2.26,11.0
2021-01-15,0.41,40.42,-999.0,2.49,9.98
2021-01-16,0.41,38.0,-999.0,3.48,10.94
2021-01-17,0.41,34.21,-999.0,3.05,10.39
2021-01-18,0.41,34.22,-999.0,2.05,11.68
2021-01-19,0.4,44.57,-999.0,3.27,11.87
2021-01-20,0.4,48.39,-999.0,3.59,11.04
2021-01-21,0.4,35.49,-999.0,3.69,8.89
2021-01-22,0.4,33.45,-999.0,2.63,12.11
2021-01-23,0.4,31.59,-999.0,3.61,12.11
2021-01-24,0.4,37.37,-999.0,3.59,11.32
2021-01-25,0.4,37.5,-999.0,2.87,10.91
2021-01-26,0.39,35.95,-999.0,2.58,11.99
2021-01-27,0.39,32.49,-999.0,3.06,11.45
2021-01-28,0.39,30.9,-999.0,3.18,11.99
2021-01-29,0.39,36.22,-999.0,3.01,11.66
2021-01-30,0.39,34.83,-999.0,3.43,13.43
2021-01-31,0.39,33.81,-999.0,3.7,12.46
2021-02-01,0.39,34.58,-999.0,3.43,13.1
2021-02-02,0.39,34.27,-999.0,3.06,14.4
2021-02-03,0.38,34.31,-999.0,3.95,15.0
2021-02-04,0.39,39.92,-999.0,2.68,11.25
2021-02-05,0.39,60.98,-999.0,3.82,10.35
2021-02-06,0.39,54.45,-999.0,2.85,16.8
2021-02-07,0.38,40.11,-999.0,3.98,17.64
2021-02-08,0.38,34.21,-999.0,3.0,16.84
2021-02-09,0.38,34.86,-999.0,3.9,15.73
2021-02-10,0.38,39.87,-999.0,2.3,9.85
2021-02-11,0.38,37.25,-999.0,3.37,14.06
2021-02-12,0.37,36.15,-999.0,3.14,13.47
2021-02-13,0.37,41.0,-999.0,3.57,13.5
2021-02-14,0.37,42.76,-999.0,3.0,13.05
2021-02-15,0.37,43.55,-999.0,3.91,16.04
2021-02-16,0.37,38.15,-999.0,3.26,16.09
2021-02-17,0.37,33.67,-999.0,3.38,16.67
2021-02-18,0.37,39.07,-999.0,3.38,15.34
2021-02-19,0.36,41.1,-999.0,3.38,16.7
2021-02-20,0.36,35.84,-999.0,3.5,17.01
2021-02-21,0.36,37.02,-999.0,3.74,17.5
2021-02-22,0.36,40.87,-999.0,3.29,16.85
2021-02-23,0.35,37.67,-999.0,3.69,16.55
2021-02-24,0.35,32.4,-999.0,3.97,18.75
2021-02-25,0.35,30.46,-999.0,5.55,19.76
2021-02-26,0.34,31.82,-999.0,3.78,20.62
2021-02-27,0.34,38.3,-999.0,4.62,18.39
2021-02-28,0.34,37.18,-999.0,4.45,19.95
2021-03-01,0.34,28.18,-999.0,5.52,21.47
2021-03-02,0.33,23.31,-999.0,3.02,22.1
2021-03-03,0.33,26.64,-999.0,4.09,21.2
2021-03-04,0.33,26.65,-999.0,4.81,20.65
2021-03-05,0.33,24.72,-999.0,4.94,21.37
2021-03-06,0.33,25.77,-999.0,4.39,21.57
2021-03-07,0.32,31.57,-999.0,4.32,16.88
2021-03-08,0.36,38.26,-999.0,3.81,16.94
2021-03-09,0.34,33.63,-999.0,4.06,19.59
2021-03-10,0.39,37.16,-999.0,3.78,17.14
2021-03-11,0.34,34.21,-999.0,3.86,20.41
2021-03-12,0.33,31.5,-999.0,5.34,16.86
2021-03-13,0.35,39.08,-999.0,3.68,14.47
2021-03-14,0.35,41.66,-999.0,2.98,21.4
2021-03-15,0.33,32.44,-999.0,3.89,21.22
2021-03-16,0.33,32.99,-999.0,3.91,19.33
2021-03-17,0.32,30.85,-999.0,4.07,19.86
2021-03-18,0.32,31.15,-999.0,4.69,18.74
2021-03-19,0.32,31.21,-999.0,5.05,16.9
2021-03-20,0.32,32.61,-999.0,4.46,21.41
2021-03-21,0.31,31.5,-999.0,4.19,22.58
2021-03-22,0.31,29.97,-999.0,2.26,21.95
2021-03-23,0.3,31.4,-999.0,2.98,20.42
2021-03-24,0.31,34.46,-999.0,4.06,21.33
2021-03-25,0.3,31.85,-999.0,4.66,24.02
2021-03-26,0.3,26.55,-999.0,3.97,23.78
2021-03-27,0.29,28.83,-999.0,3.5,21.62
2021-03-28,0.29,31.32,-999.0,4.56,20.94
2021-03-29,0.28,32.41,-999.0,4.47,20.16
2021-03-30,0.28,25.27,-999.0,5.93,21.79
2021-03-31,0.27,20.67,-999.0,5.22,24.08
2021-04-01,0.29,13.66,-999.0,4.18,27.43
2021-04-02,0.27,13.18,-999.0,3.73,25.94
2021-04-03,0.26,13.24,-999.0,3.43,27.02
2021-04-04,0.25,13.16,-999.0,4.3,25.28
2021-04-05,0.24,15.74,-999.0,4.8,19.8
2021-04-06,0.23,20.55,-999.0,4.72,20.49
2021-04-07,0.22,22.67,-999.0,7.47,21.39
2021-04-08,0.22,19.43,-999.0,5.09,23.31
2021-04-09,0.21,15.52,-999.0,4.33,24.2
2021-04-10,0.2,11.38,-999.0,5.18,26.84
2021-04-11,0.19,13.96,-999.0,4.22,24.69
2021-04-12,0.19,18.31,-999.0,4.58,23.06
2021-04-13,0.18,21.48,-999.0,4.98,24.5
2021-04-14,0.18,19.15,-999.0,4.44,24.44
2021-04-15,0.18,22.74,-999.0,6.36,22.73
2021-04-16,0.18,22.46,-999.0,5.82,23.53
2021-04-17,0.25,32.45,-999.0,3.19,16.97
2021-04-18,0.34,38.95,-999.0,4.73,26.56
2021-04-19,0.3,29.88,-999.0,4.8,27.27
2021-04-20,0.26,22.56,-999.0,4.99,24.36
2021-04-21,0.38,54.05,-999.0,5.14,15.6
2021-04-22,0.47,56.46,-999.0,4.68,24.52
2021-04-23,0.37,38.5,-999.0,4.79,25.34
2021-04-24,0.34,32.09,-999.0,5.12,25.63
2021-04-25,0.33,24.14,-999.0,4.76,27.86
2021-04-26,0.32,23.4,-999.0,4.51,27.97
2021-04-27,0.32,24.65,-999.0,5.05,27.25
2021-04-28,0.31,26.5,-999.0,4.59,25.63
2021-04-29,0.3,27.39,-999.0,4.34,21.87
2021-04-30,0.3,34.82,-999.0,3.65,21.22
2021-05-01,0.3,35.87,-999.0,5.13,19.48
2021-05-02,0.32,32.88,-999.0,4.37,16.76
2021-05-03,0.4,43.26,-999.0,4.03,16.4
2021-05-04,0.4,51.98,-999.0,3.49,18.01
2021-05-05,0.5,61.48,-999.0,3.08,18.72
2021-05-06,0.42,50.86,-999.0,4.08,20.31
2021-05-07,0.42,48.91,-999.0,3.52,12.66
2021-05-08,0.37,46.91,-999.0,2.84,22.15
2021-05-09,0.39,51.43,-999.0,3.14,21.02
2021-05-10,0.4,52.73,-999.0,5.15,21.9
2021-05-11,0.44,59.59,-999.0,3.74,18.75
2021-05-12,0.54,63.5,-999.0,2.13,17.93
2021-05-13,0.46,64.29,-999.0,3.99,20.59
2021-05-14,0.41,55.95,-999.0,4.51,25.11
2021-05-15,0.39,43.96,-999.0,4.06,24.5
2021-05-16,0.37,38.26,-999.0,4.1,27.37
2021-05-17,0.37,36.24,-999.0,4.06,12.45
2021-05-18,0.38,45.06,-999.0,4.49,11.43
2021-05-19,0.44,61.71,-999.0,3.1,7.51
2021-05-20,0.61,78.7,-999.0,5.08,14.58
2021-05-21,0.57,73.05,-999.0,3.75,14.56
2021-05-22,0.47,53.61,-999.0,4.07,27.83
2021-05-23,0.45,51.8,-999.0,3.58,27.87
2021-05-24,0.43,46.44,-999.0,3.25,27.14
2021-05-25,0.41,46.36,-999.0,3.95,26.13
2021-05-26,0.43,53.21,-999.0,3.45,24.68
2021-05-27,0.49,53.71,-999.0,2.86,15.16
2021-05-28,0.67,73.25,-999.0,2.99,8.3
2021-05-29,0.68,83.05,-999.0,3.57,7.01
2021-05-30,0.59,73.85,-999.0,3.23,19.94
2021-05-31,0.59,70.37,-999.0,4.57,20.52
2021-06-01,0.58,59.27,-999.0,4.24,15.24
2021-06-02,0.54,63.73,-999.0,3.02,27.13
2021-06-03,0.52,59.63,-999.0,3.6,26.07
2021-06-04,0.52,59.7,-999.0,3.58,22.96
2021-06-05,0.52,60.01,-999.0,3.88,19.07
2021-06-06,0.53,68.78,-999.0,3.75,24.29
2021-06-07,0.51,61.51,-999.0,4.24,25.41
2021-06-08,0.5,63.91,-999.0,4.16,20.84
2021-06-09,0.53,72.69,-999.0,3.62,15.87
2021-06-10,0.57,82.55,-999.0,3.58,7.66
2021-06-11,0.57,85.66,-999.0,3.77,13.24
2021-06-12,0.63,85.08,-999.0,3.39,16.0
2021-06-13,0.69,82.69,-999.0,3.86,13.16
2021-06-14,0.73,87.61,-999.0,4.0,3.44
2021-06-15,0.81,86.9,-999.0,3.77,7.96
2021-06-16,0.77,85.24,-999.0,3.29,13.4
2021-06-17,0.79,85.71,-999.0,2.39,6.38
2021-06-18,0.77,88.0,-999.0,4.01,11.39
2021-06-19,0.78,89.59,-999.0,4.57,11.57
2021-06-20,0.79,87.6,-999.0,3.65,12.71
2021-06-21,0.75,84.77,-999.0,3.48,20.17
2021-06-22,0.74,82.1,-999.0,3.52,19.92
2021-06-23,0.78,82.56,-999.0,2.36,14.56
2021-06-24,0.78,81.19,-999.0,1.48,18.76
2021-06-25,0.8,81.8,-999.0,2.63,15.89
2021-06-26,0.79,81.41,-999.0,2.91,18.51
2021-06-27,0.8,85.41,-999.0,2.45,23.04
2021-06-28,0.79,88.2,-999.0,4.41,13.18
2021-06-29,0.78,84.59,-999.0,3.18,17.63
2021-06-30,0.78,70.45,-999.0,3.47,19.25
2021-07-01,0.78,73.42,-999.0,3.39,16.72
2021-07-02,0.78,74.74,-999.0,3.37,20.32
2021-07-03,0.81,77.96,-999.0,3.54,20.94
2021-07-04,0.79,76.68,-999.0,3.22,20.92
2021-07-05,0.79,84.54,-999.0,3.02,21.58
2021-07-06,0.78,83.87,-999.0,3.47,16.99
2021-07-07,0.77,78.43,-999.0,3.14,15.25
2021-07-08,0.79,85.84,-999.0,2.91,12.6
2021-07-09,0.78,88.41,-999.0,2.49,18.11
2021-07-10,0.79,91.83,-999.0,3.77,17.88
2021-07-11,0.78,87.93,-999.0,3.06,11.05
2021-07-12,0.79,90.08,-999.0,2.79,16.22
2021-07-13,0.78,82.82,-999.0,2.91,23.45
2021-07-14,0.78,89.91,-999.0,4.47,20.66
2021-07-15,0.77,87.64,-999.0,3.79,13.19
2021-07-16,0.8,88.76,-999.0,3.7,14.24
2021-07-17,0.82,94.71,-999.0,4.09,12.32
2021-07-18,0.84,93.7,-999.0,4.15,5.43
2021-07-19,0.84,92.7,-999.0,3.3,12.99
2021-07-20,0.88,89.14,-999.0,3.32,9.99
2021-07-21,0.87,92.66,-999.0,2.75,11.36
2021-07-22,0.87,91.52,-999.0,4.25,13.77
2021-07-23,0.87,83.37,-999.0,3.16,22.44
2021-07-24,0.87,85.15,-999.0,4.43,21.45
2021-07-25,0.87,86.98,-999.0,3.16,14.36
2021-07-26,0.88,86.38,-999.0,3.79,10.48
2021-07-27,0.87,87.58,-999.0,5.18,7.54
2021-07-28,0.88,86.78,-999.0,2.83,15.67
2021-07-29,0.88,90.77,-999.0,4.36,12.66
2021-07-30,0.88,85.58,-999.0,3.5,20.47
2021-07-31,0.87,83.31,-999.0,2.63,19.53
2021-08-01,0.86,86.87,-999.0,4.32,16.3
2021-08-02,0.85,88.72,-999.0,4.94,18.76
2021-08-03,0.85,86.52,-999.0,3.91,17.35
2021-08-04,0.85,90.65,-999.0,4.73,18.27
2021-08-05,0.84,84.51,-999.0,4.09,18.39
2021-08-06,0.84,82.34,-999.0,3.92,22.46
2021-08-07,0.84,84.34,-999.0,3.8,17.34
2021-08-08,0.87,90.21,-999.0,4.43,14.55
2021-08-09,0.86,88.17,-999.0,4.08,17.8
2021-08-10,0.85,89.58,-999.0,3.63,16.92
2021-08-11,0.85,92.25,-999.0,4.45,13.22
2021-08-12,0.85,89.79,-999.0,4.24,8.86
2021-08-13,0.88,91.71,-999.0,3.89,7.33
2021-08-14,0.87,91.78,-999.0,2.99,10.55
2021-08-15,0.89,91.3,-999.0,3.26,17.99
2021-08-16,0.87,88.6,-999.0,3.68,18.37
2021-08-17,0.87,89.03,-999.0,3.75,17.19
2021-08-18,0.87,89.77,-999.0,2.73,12.29
2021-08-19,0.87,88.3,-999.0,2.51,16.59
2021-08-20,0.87,89.76,-999.0,4.77,17.06
2021-08-21,0.87,90.78,-999.0,3.51,11.11
2021-08-22,0.87,92.28,-999.0,3.03,17.71
2021-08-23,0.9,93.82,-999.0,3.21,10.56
2021-08-24,0.93,92.88,-999.0,3.97,5.51
2021-08-25,0.91,94.31,-999.0,3.52,4.97
2021-08-26,0.91,90.26,-999.0,3.35,9.44
2021-08-27,0.95,94.09,-999.0,3.71,8.3
2021-08-28,0.93,91.15,-999.0,2.42,14.69
2021-08-29,0.94,92.99,-999.0,4.67,8.34
2021-08-30,0.94,88.26,-999.0,1.89,8.11
2021-08-31,0.94,86.98,-999.0,2.55,16.45
2021-09-01,0.93,85.04,-999.0,2.61,20.66
2021-09-02,0.93,85.42,-999.0,3.75,17.37
2021-09-03,0.92,90.85,-999.0,3.04,16.88
2021-09-04,0.91,89.07,-999.0,3.31,15.2
2021-09-05,0.9,90.2,-999.0,3.42,17.99
2021-09-06,0.91,88.48,-999.0,2.44,16.15
2021-09-07,0.91,89.55,-999.0,3.94,17.19
2021-09-08,0.91,90.64,-999.0,4.13,16.72
2021-09-09,0.9,87.43,-999.0,3.29,18.44
2021-09-10,0.9,85.18,-999.0,2.25,17.47
2021-09-11,0.9,85.92,-999.0,2.0,19.25
2021-09-12,0.9,85.14,-999.0,2.93,21.49
2021-09-13,0.9,83.41,-999.0,3.43,22.12
2021-09-14,0.89,86.4,-999.0,2.93,21.24
2021-09-15,0.9,89.61,-999.0,1.79,10.05
2021-09-16,0.91,83.95,-999.0,2.94,4.68
2021-09-17,0.9,87.5,-999.0,2.42,13.05
2021-09-18,0.89,85.89,-999.0,2.6,18.05
2021-09-19,0.89,90.77,-999.0,2.77,16.89
2021-09-20,0.9,90.58,-999.0,2.47,15.8
2021-09-21,0.9,91.25,-999.0,3.53,15.72
2021-09-22,0.89,91.3,-999.0,4.09,15.36
2021-09-23,0.89,87.99,-999.0,2.8,14.37
2021-09-24,0.89,87.47,-999.0,3.21,13.47
2021-09-25,0.89,86.05,-999.0,1.32,9.58
2021-09-26,0.88,84.03,-999.0,3.19,9.03
2021-09-27,0.87,80.01,-999.0,3.13,20.13
2021-09-28,0.87,87.59,-999.0,2.72,17.17
2021-09-29,0.87,79.52,-999.0,2.91,16.55
2021-09-30,0.86,91.51,-999.0,4.44,12.32
2021-10-01,0.86,86.47,-999.0,2.91,14.6
2021-10-02,0.86,88.88,-999.0,3.07,11.33
2021-10-03,0.86,92.79,-999.0,3.88,13.25
2021-10-04,0.86,87.32,-999.0,3.73,13.62
2021-10-05,0.86,84.15,-999.0,2.72,15.89
2021-10-06,0.85,84.42,-999.0,2.53,16.0
2021-10-07,0.85,87.09,-999.0,2.64,14.43
2021-10-08,0.84,89.74,-999.0,3.3,15.15
2021-10-09,0.84,85.04,-999.0,2.35,17.81
2021-10-10,0.83,81.22,-999.0,1.87,17.57
2021-10-11,0.83,74.17,-999.0,2.32,18.13
2021-10-12,0.82,73.45,-999.0,2.66,16.74
2021-10-13,0.82,76.17,-999.0,1.84,18.76
2021-10-14,0.81,70.36,-999.0,2.17,18.76
2021-10-15,0.81,63.45,-999.0,1.82,19.6
2021-10-16,0.81,62.08,-999.0,1.97,18.4
2021-10-17,0.83,82.39,-999.0,2.71,16.66
2021-10-18,0.88,91.26,-999.0,5.2,2.81
2021-10-19,0.89,92.75,-999.0,5.43,4.53
2021-10-20,0.87,89.98,-999.0,2.71,9.58
2021-10-21,0.86,90.09,-999.0,2.95,13.27
2021-10-22,0.85,83.67,-999.0,2.6,14.23
2021-10-23,0.85,80.32,-999.0,2.51,14.24
2021-10-24,0.85,82.56,-999.0,2.33,14.66
2021-10-25,0.84,82.87,-999.0,2.27,16.24
2021-10-26,0.84,79.2,-999.0,2.11,17.51
2021-10-27,0.83,80.14,-999.0,2.25,17.13
2021-10-28,0.83,74.53,-999.0,2.44,16.83
2021-10-29,0.83,74.66,-999.0,2.35,16.37
2021-10-30,0.82,78.0,-999.0,3.16,16.51
2021-10-31,0.82,76.28,-999.0,3.5,16.57
2021-11-01,0.81,74.27,-999.0,2.87,16.38
2021-11-02,0.81,71.61,-999.0,2.74,16.43
2021-11-03,0.81,59.05,-999.0,2.23,15.97
2021-11-04,0.8,58.9,-999.0,2.04,14.99
2021-11-05,0.8,60.53,-999.0,2.19,13.23
2021-11-06,0.8,68.12,-999.0,2.72,15.28
2021-11-07,0.79,62.43,-999.0,1.63,13.63
2021-11-08,0.79,56.8,-999.0,2.41,14.69
2021-11-09,0.79,53.07,-999.0,2.31,15.24
2021-11-10,0.79,60.97,-999.0,2.67,15.02
2021-11-11,0.78,63.78,-999.0,2.7,14.69
2021-11-12,0.78,69.92,-999.0,2.15,13.52
2021-11-13,0.77,66.94,-999.0,2.48,13.92
2021-11-14,0.77,63.98,-999.0,3.04,14.14
2021-11-15,0.77,66.4,-999.0,2.02,13.4
2021-11-16,0.77,58.7,-999.0,3.06,14.45
2021-11-17,0.76,52.37,-999.0,2.68,13.42
2021-11-18,0.76,54.45,-999.0,1.75,10.48
2021-11-19,0.76,62.82,-999.0,1.9,10.65
2021-11-20,0.76,64.99,-999.0,2.25,4.55
2021-11-21,0.75,67.22,-999.0,2.42,13.63
2021-11-22,0.75,62.09,-999.0,1.99,14.77
2021-11-23,0.75,59.0,-999.0,2.52,14.23
2021-11-24,0.74,71.43,-999.0,2.25,11.83
2021-11-25,0.74,78.22,-999.0,2.68,11.42
2021-11-26,0.74,75.38,-999.0,2.06,10.97
2021-11-27,0.74,71.95,-999.0,2.16,10.88
2021-11-28,0.73,64.97,-999.0,2.08,11.8
2021-11-29,0.73,61.36,-999.0,2.29,13.42
2021-11-30,0.73,58.27,-999.0,2.65,12.13
2021-12-01,0.73,54.16,-999.0,1.98,8.54
2021-12-02,0.74,62.55,-999.0,1.58,5.63
2021-12-03,0.74,74.21,-999.0,2.76,7.07
2021-12-04,0.73,63.28,-999.0,2.6,12.61
2021-12-05,0.72,67.9,-999.0,1.6,11.7
2021-12-06,0.73,78.0,-999.0,1.95,10.42
2021-12-07,0.72,65.56,-999.0,2.42,13.57
2021-12-08,0.72,59.17,-999.0,2.45,13.52
2021-12-09,0.71,73.13,-999.0,1.9,11.34
2021-12-10,0.71,72.91,-999.0,2.43,12.07
2021-12-11,0.71,57.53,-999.0,1.92,12.42
2021-12-12,0.71,70.55,-999.0,2.14,10.3
2021-12-13,0.71,62.5,-999.0,2.35,9.49
2021-12-14,0.7,61.9,-999.0,2.52,11.3
2021-12-15,0.7,54.13,-999.0,1.91,11.98
2021-12-16,0.7,51.77,-999.0,1.63,10.81
2021-12-17,0.7,53.55,-999.0,1.91,9.19
2021-12-18,0.69,57.75,-999.0,2.64,12.59
2021-12-19,0.69,53.05,-999.0,3.26,9.78
2021-12-20,0.68,48.65,-999.0,2.07,11.66
2021-12-21,0.68,47.25,-999.0,2.53,11.64
2021-12-22,0.68,48.51,-999.0,1.85,11.55
2021-12-23,0.68,50.7,-999.0,2.13,11.63
2021-12-24,0.67,58.51,-999.0,2.67,11.12
2021-12-25,0.67,64.44,-999.0,2.09,11.32
2021-12-26,0.67,65.9,-999.0,1.62,8.0
2021-12-27,0.67,69.42,-999.0,2.53,10.77
2021-12-28,0.67,71.42,-999.0,2.3,5.55
2021-12-29,0.72,83.98,-999.0,1.72,2.73
2021-12-30,0.71,80.76,-999.0,1.55,10.46
2021-12-31,0.7,66.1,-999.0,2.37,11.18
2022-01-01,0.69,59.32,-999.0,1.81,10.65
2022-01-02,0.68,56.17,-999.0,1.52,9.49
2022-01-03,0.68,58.15,-999.0,2.18,10.31
2022-01-04,0.68,60.1,-999.0,3.03,10.08
2022-01-05,0.68,69.3,-999.0,1.98,6.84
2022-01-06,0.7,85.05,-999.0,3.48,9.24
2022-01-07,0.69,74.89,-999.0,3.31,10.18
2022-01-08,0.69,74.82,-999.0,1.81,7.28
2022-01-09,0.68,71.79,-999.0,2.93,8.55
2022-01-10,0.68,70.7,-999.0,3.24,11.1
2022-01-11,0.68,74.84,-999.0,3.59,10.68
2022-01-12,0.68,79.45,-999.0,3.2,10.38
2022-01-13,0.68,76.17,-999.0,2.6,11.26
2022-01-14,0.67,62.71,-999.0,2.85,10.0
2022-01-15,0.66,60.87,-999.0,3.16,9.18
2022-01-16,0.66,57.82,-999.0,2.92,10.08
2022-01-17,0.66,57.75,-999.0,2.71,8.89
2022-01-18,0.66,68.75,-999.0,3.23,10.84
2022-01-19,0.66,73.54,-999.0,3.16,9.8
2022-01-20,0.66,78.09,-999.0,3.11,4.54
2022-01-21,0.65,73.69,-999.0,3.05,10.66
2022-01-22,0.65,76.72,-999.0,4.19,5.38
2022-01-23,0.67,87.33,-999.0,2.89,7.17
2022-01-24,0.69,90.47,-999.0,3.31,6.5
2022-01-25,0.67,81.37,-999.0,3.2,7.6
2022-01-26,0.67,87.7,-999.0,2.95,7.14
2022-01-27,0.66,84.75,-999.0,3.17,10.1
2022-01-28,0.66,74.25,-999.0,3.7,9.98
2022-01-29,0.65,65.48,-999.0,3.2,12.89
2022-01-30,0.65,65.63,-999.0,3.94,10.69
2022-01-31,0.64,67.31,-999.0,3.23,12.95
2022-02-01,0.64,69.03,-999.0,4.36,13.81
2022-02-02,0.63,61.51,-999.0,2.91,10.35
2022-02-03,0.67,70.63,-999.0,4.39,3.51
2022-02-04,0.76,95.06,-999.0,4.91,2.18
2022-02-05,0.71,76.28,-999.0,3.2,12.6
2022-02-06,0.69,65.44,-999.0,2.87,11.43
2022-02-07,0.69,71.04,-999.0,2.95,12.04
2022-02-08,0.69,73.86,-999.0,3.06,12.97
2022-02-09,0.7,80.72,-999.0,2.35,2.88
2022-02-10,0.69,81.72,-999.0,3.72,16.92
2022-02-11,0.68,72.11,-999.0,3.56,16.95
2022-02-12,0.67,62.1,-999.0,2.96,17.9
2022-02-13,0.67,69.89,-999.0,2.99,13.68
2022-02-14,0.66,74.85,-999.0,2.71,15.46
2022-02-15,0.66,75.52,-999.0,2.91,16.02
2022-02-16,0.65,69.83,-999.0,2.91,17.79
2022-02-17,0.65,70.36,-999.0,2.85,18.49
2022-02-18,0.64,61.41,-999.0,2.64,18.76
2022-02-19,0.64,60.97,-999.0,4.19,18.65
2022-02-20,0.64,66.29,-999.0,4.38,18.1
2022-02-21,0.64,66.74,-999.0,3.29,18.73
2022-02-22,0.63,64.0,-999.0,2.3,17.92
2022-02-23,0.63,63.62,-999.0,2.2,14.83
2022-02-24,0.62,60.14,-999.0,2.37,14.84
2022-02-25,0.62,61.43,-999.0,1.64,14.37
2022-02-26,0.62,61.17,-999.0,2.4,9.24
2022-02-27,0.62,64.38,-999.0,1.59,12.28
2022-02-28,0.61,57.77,-999.0,3.59,21.12
2022-03-01,0.6,51.47,-999.0,3.03,20.15
2022-03-02,0.6,54.54,-999.0,2.88,20.33
2022-03-03,0.59,54.0,-999.0,3.03,20.54
2022-03-04,0.58,59.77,-999.0,3.71,20.17
2022-03-05,0.58,60.94,-999.0,3.88,20.83
2022-03-06,0.57,55.67,-999.0,3.25,20.82
2022-03-07,0.57,62.1,-999.0,2.9,16.25
2022-03-08,0.56,55.9,-999.0,3.4,19.46
2022-03-09,0.56,48.78,-999.0,2.42,21.84
2022-03-10,0.55,49.46,-999.0,3.03,15.05
2022-03-11,0.55,53.88,-999.0,3.05,21.33
2022-03-12,0.54,58.61,-999.0,3.18,22.01
2022-03-13,0.54,62.35,-999.0,2.98,21.44
2022-03-14,0.53,62.93,-999.0,3.38,20.26
2022-03-15,0.53,61.05,-999.0,3.01,20.54
2022-03-16,0.52,61.23,-999.0,3.65,19.65
2022-03-17,0.52,60.84,-999.0,2.73,17.27
2022-03-18,0.51,60.13,-999.0,2.33,19.58
2022-03-19,0.5,55.95,-999.0,3.03,20.0
2022-03-20,0.5,54.45,-999.0,2.56,20.81
2022-03-21,0.49,46.88,-999.0,3.13,21.34
2022-03-22,0.49,42.74,-999.0,3.6,22.98
2022-03-23,0.49,49.94,-999.0,3.42,20.93
2022-03-24,0.48,48.88,-999.0,3.99,21.03
2022-03-25,0.47,44.81,-999.0,3.82,22.96
2022-03-26,0.47,40.85,-999.0,4.41,24.3
2022-03-27,0.46,37.06,-999.0,3.53,23.88
2022-03-28,0.45,38.68,-999.0,3.94,23.29
2022-03-29,0.44,37.1,-999.0,2.88,23.4
2022-03-30,0.44,36.83,-999.0,3.25,21.74
2022-03-31,0.43,36.21,-999.0,3.1,19.9
2022-04-01,0.43,35.18,-999.0,2.96,22.54
2022-04-02,0.43,38.54,-999.0,3.29,23.06
2022-04-03,0.42,36.45,-999.0,3.46,23.55
2022-04-04,0.41,27.08,-999.0,4.27,24.95
2022-04-05,0.4,29.59,-999.0,2.92,25.39
2022-04-06,0.4,28.62,-999.0,2.97,23.09
2022-04-07,0.41,28.97,-999.0,2.51,24.85
2022-04-08,0.4,33.28,-999.0,3.93,23.42
2022-04-09,0.4,34.42,-999.0,3.8,23.23
2022-04-10,0.41,35.36,-999.0,4.12,23.64
2022-04-11,0.4,34.28,-999.0,3.84,23.73
2022-04-12,0.39,34.81,-999.0,3.12,19.95
2022-04-13,0.39,33.85,-999.0,4.85,21.93
2022-04-14,0.43,39.85,-999.0,4.19,22.85
2022-04-15,0.4,33.51,-999.0,3.34,24.96
2022-04-16,0.39,31.08,-999.0,3.07,25.92
2022-04-17,0.38,30.71,-999.0,3.4,26.03
2022-04-18,0.37,26.73,-999.0,5.01,25.19
2022-04-19,0.38,28.51,-999.0,3.37,24.02
2022-04-20,0.37,29.7,-999.0,4.96,24.72
2022-04-21,0.37,38.85,-999.0,4.79,22.76
2022-04-22,0.38,39.6,-999.0,5.16,24.02
2022-04-23,0.37,29.28,-999.0,5.1,26.13
2022-04-24,0.36,25.79,-999.0,4.62,25.52
2022-04-25,0.35,26.19,-999.0,3.4,24.82
2022-04-26,0.35,28.04,-999.0,4.97,23.41
2022-04-27,0.35,27.56,-999.0,2.85,24.69
2022-04-28,0.35,27.91,-999.0,3.4,24.01
2022-04-29,0.35,28.72,-999.0,3.77,22.92
2022-04-30,0.38,32.23,-999.0,4.44,23.99
2022-05-01,0.4,39.68,-999.0,4.15,22.42
2022-05-02,0.42,49.51,-999.0,1.65,19.54
2022-05-03,0.38,50.8,-999.0,3.08,18.08
2022-05-04,0.44,53.66,-999.0,4.62,21.99
2022-05-05,0.46,53.86,-999.0,3.86,22.23
2022-05-06,0.43,55.62,-999.0,3.77,18.53
2022-05-07,0.43,57.48,-999.0,2.51,20.67
2022-05-08,0.43,53.92,-999.0,2.73,19.53
2022-05-09,0.4,55.5,-999.0,2.04,21.48
2022-05-10,0.42,58.66,-999.0,2.92,20.56
2022-05-11,0.4,56.21,-999.0,3.55,21.06
2022-05-12,0.55,66.12,-999.0,3.92,15.56
2022-05-13,0.49,58.37,-999.0,3.57,21.17
2022-05-14,0.43,42.9,-999.0,4.47,22.28
2022-05-15,0.41,39.29,-999.0,3.46,24.6
2022-05-16,0.42,39.85,-999.0,3.81,22.32
2022-05-17,0.42,42.06,-999.0,4.39,22.59
2022-05-18,0.4,39.19,-999.0,3.36,23.74
2022-05-19,0.39,39.92,-999.0,4.43,24.41
2022-05-20,0.4,43.72,-999.0,3.35,22.8
2022-05-21,0.43,40.22,-999.0,5.21,23.71
2022-05-22,0.45,42.54,-999.0,4.3,11.12
2022-05-23,0.43,42.85,-999.0,3.0,11.83
2022-05-24,0.43,50.6,-999.0,3.97,13.15
2022-05-25,0.5,54.39,-999.0,4.39,24.35
2022-05-26,0.43,48.85,-999.0,3.24,26.43
2022-05-27,0.41,48.97,-999.0,3.16,22.73
2022-05-28,0.41,52.08,-999.0,2.99,18.77
2022-05-29,0.4,53.06,-999.0,4.39,18.33
2022-05-30,0.41,49.51,-999.0,4.77,21.5
2022-05-31,0.41,40.16,-999.0,4.19,21.65
2022-06-01,0.46,44.02,-999.0,4.54,20.37
2022-06-02,0.41,39.13,-999.0,3.98,23.98
2022-06-03,0.39,34.33,-999.0,3.98,23.62
2022-06-04,0.37,27.64,-999.0,4.27,25.71
2022-06-05,0.37,27.87,-999.0,4.24,24.81
2022-06-06,0.4,36.11,-999.0,4.11,25.36
2022-06-07,0.42,39.3,-999.0,3.87,23.35
2022-06-08,0.42,41.04,-999.0,4.5,20.58
2022-06-09,0.39,35.2,-999.0,3.67,22.98
2022-06-10,0.38,39.21,-999.0,3.8,22.88
2022-06-11,0.46,50.17,-999.0,3.22,22.48
2022-06-12,0.46,50.08,-999.0,4.1,24.7
2022-06-13,0.4,40.74,-999.0,3.72,23.96
2022-06-14,0.39,39.24,-999.0,4.09,24.83
2022-06-15,0.39,45.07,-999.0,4.41,24.01
2022-06-16,0.46,53.59,-999.0,4.51,23.49
2022-06-17,0.45,61.68,-999.0,5.15,20.49
2022-06-18,0.43,58.72,-999.0,3.83,23.92
2022-06-19,0.41,54.46,-999.0,5.01,21.48
2022-06-20,0.43,58.64,-999.0,3.61,14.66
2022-06-21,0.47,68.35,-999.0,4.38,19.23
2022-06-22,0.45,63.53,-999.0,3.63,22.58
2022-06-23,0.43,58.23,-999.0,3.48,18.85
2022-06-24,0.42,59.37,-999.0,3.83,21.34
2022-06-25,0.5,69.39,-999.0,3.87,16.24
2022-06-26,0.49,77.51,-999.0,3.73,19.89
2022-06-27,0.5,76.8,-999.0,2.93,17.77
2022-06-28,0.57,83.2,-999.0,2.74,10.37
2022-06-29,0.5,87.87,-999.0,5.31,8.89
2022-06-30,0.52,83.33,-999.0,2.79,9.5
2022-07-01,0.48,73.71,-999.0,4.24,18.28
2022-07-02,0.54,75.38,-999.0,4.57,7.66
2022-07-03,0.48,76.87,-999.0,3.69,20.27
2022-07-04,0.55,79.03,-999.0,3.89,17.25
2022-07-05,0.52,74.63,-999.0,3.96,18.24
2022-07-06,0.49,70.84,-999.0,3.14,18.98
2022-07-07,0.49,71.35,-999.0,3.91,22.33
2022-07-08,0.53,76.18,-999.0,3.29,18.3
2022-07-09,0.62,84.64,-999.0,4.5,11.28
2022-07-10,0.56,75.07,-999.0,2.95,21.9
2022-07-11,0.54,73.22,-999.0,3.23,21.45
2022-07-12,0.53,76.92,-999.0,2.74,20.86
2022-07-13,0.53,77.54,-999.0,2.62,21.93
2022-07-14,0.53,70.24,-999.0,3.86,21.36
2022-07-15,0.5,64.34,-999.0,5.46,24.82
2022-07-16,0.5,66.83,-999.0,4.2,22.75
2022-07-17,0.48,65.77,-999.0,3.43,24.95
2022-07-18,0.48,71.88,-999.0,4.19,18.04
2022-07-19,0.49,75.03,-999.0,3.4,10.39
2022-07-20,0.68,88.61,-999.0,2.74,2.84
2022-07-21,0.62,87.53,-999.0,3.1,9.39
2022-07-22,0.65,83.0,-999.0,3.74,13.49
2022-07-23,0.6,82.13,-999.0,4.26,20.2
2022-07-24,0.6,78.35,-999.0,5.58,19.03
2022-07-25,0.61,79.68,-999.0,5.17,19.58
2022-07-26,0.64,84.07,-999.0,4.12,16.84
2022-07-27,0.63,87.6,-999.0,3.59,9.38
2022-07-28,0.62,80.24,-999.0,3.76,12.63
2022-07-29,0.62,87.22,-999.0,3.67,13.32
2022-07-30,0.64,87.5,-999.0,3.88,12.09
2022-07-31,0.67,85.82,-999.0,5.05,15.29
2022-08-01,0.74,90.22,-999.0,4.62,14.16
2022-08-02,0.71,88.52,-999.0,4.09,10.14
2022-08-03,0.73,90.26,-999.0,2.06,14.57
2022-08-04,0.7,85.76,-999.0,3.11,14.8
2022-08-05,0.69,84.4,-999.0,2.92,18.65
2022-08-06,0.7,88.57,-999.0,2.7,16.97
2022-08-07,0.71,85.5,-999.0,1.43,18.94
2022-08-08,0.69,82.5,-999.0,4.75,21.72
2022-08-09,0.69,78.84,-999.0,3.27,22.26
2022-08-10,0.74,83.58,-999.0,2.38,20.79
2022-08-11,0.71,80.17,-999.0,5.2,20.72
2022-08-12,0.69,79.23,-999.0,4.09,21.98
2022-08-13,0.71,81.1,-999.0,2.97,19.78
2022-08-14,0.74,84.06,-999.0,2.73,9.85
2022-08-15,0.72,82.61,-999.0,4.69,19.67
2022-08-16,0.69,83.15,-999.0,4.95,20.13
2022-08-17,0.69,88.94,-999.0,4.32,18.73
2022-08-18,0.7,88.68,-999.0,4.41,16.09
2022-08-19,0.71,86.36,-999.0,2.67,11.69
2022-08-20,0.73,78.45,-999.0,2.06,18.18
2022-08-21,0.71,82.95,-999.0,4.01,15.62
2022-08-22,0.69,81.52,-999.0,4.68,21.17
2022-08-23,0.71,86.5,-999.0,4.26,19.31
2022-08-24,0.74,83.83,-999.0,4.54,18.26
2022-08-25,0.7,86.33,-999.0,3.21,19.74
2022-08-26,0.7,88.92,-999.0,3.32,15.76
2022-08-27,0.73,87.35,-999.0,4.92,15.31
2022-08-28,0.75,84.83,-999.0,3.47,6.09
2022-08-29,0.76,88.79,-999.0,3.98,11.71
2022-08-30,0.73,89.86,-999.0,3.5,17.34
2022-08-31,0.77,90.77,-999.0,3.43,12.61
2022-09-01,0.8,93.23,-999.0,2.2,9.21
2022-09-02,0.78,93.9,-999.0,2.56,14.1
2022-09-03,0.76,86.71,-999.0,4.65,16.68
2022-09-04,0.77,82.2,-999.0,2.98,15.04
2022-09-05,0.76,84.61,-999.0,2.5,16.98
2022-09-06,0.75,81.02,-999.0,2.96,19.44
2022-09-07,0.76,87.13,-999.0,2.47,16.14
2022-09-08,0.75,89.99,-999.0,3.3,15.16
2022-09-09,0.74,89.84,-999.0,3.19,14.99
2022-09-10,0.75,89.04,-999.0,3.38,12.88
2022-09-11,0.75,85.41,-999.0,3.84,20.25
2022-09-12,0.77,86.47,-999.0,3.36,17.54
2022-09-13,0.76,86.21,-999.0,4.55,15.51
2022-09-14,0.79,86.33,-999.0,3.84,12.69
2022-09-15,0.84,93.79,-999.0,2.78,5.21
2022-09-16,0.88,94.03,-999.0,4.79,2.62
2022-09-17,0.88,89.82,-999.0,3.64,13.59
2022-09-18,0.85,90.39,-999.0,3.77,12.09
2022-09-19,0.84,87.18,-999.0,2.86,14.94
2022-09-20,0.84,88.34,-999.0,2.94,17.96
2022-09-21,0.83,85.73,-999.0,2.67,12.97
2022-09-22,0.83,90.19,-999.0,2.88,15.16
2022-09-23,0.84,89.97,-999.0,2.31,14.8
2022-09-24,0.84,91.11,-999.0,2.96,14.0
2022-09-25,0.85,91.58,-999.0,3.38,4.91
2022-09-26,0.84,89.41,-999.0,2.83,17.3
2022-09-27,0.83,89.95,-999.0,3.95,17.1
2022-09-28,0.82,88.23,-999.0,2.41,17.63
2022-09-29,0.82,84.26,-999.0,2.22,17.92
2022-09-30,0.81,83.3,-999.0,2.14,19.15
2022-10-01,0.81,82.82,-999.0,2.96,13.79
2022-10-02,0.8,79.9,-999.0,1.86,16.52
2022-10-03,0.8,78.37,-999.0,2.99,18.22
2022-10-04,0.82,88.04,-999.0,3.87,15.6
2022-10-05,0.88,90.42,-999.0,3.19,4.68
2022-10-06,0.9,93.23,-999.0,1.75,3.72
2022-10-07,0.94,94.8,-999.0,3.9,1.56
2022-10-08,0.92,86.2,-999.0,1.45,2.93
2022-10-09,0.94,84.63,-999.0,1.33,1.49
2022-10-10,0.94,87.75,-999.0,2.72,9.41
2022-10-11,0.93,91.6,-999.0,5.51,11.1
2022-10-12,0.92,86.61,-999.0,2.99,17.02
2022-10-13,0.91,85.31,-999.0,2.52,17.59
2022-10-14,0.9,87.15,-999.0,2.48,17.31
2022-10-15,0.89,90.02,-999.0,2.92,16.11
2022-10-16,0.89,88.45,-999.0,2.82,16.28
2022-10-17,0.88,88.03,-999.0,3.38,16.65
2022-10-18,0.87,85.78,-999.0,2.44,14.97
2022-10-19,0.87,83.11,-999.0,2.97,15.4
2022-10-20,0.86,76.11,-999.0,2.04,16.57
2022-10-21,0.86,73.56,-999.0,2.04,17.28
2022-10-22,0.86,69.35,-999.0,1.88,17.5
2022-10-23,0.85,66.35,-999.0,2.32,18.36
2022-10-24,0.85,62.18,-999.0,2.86,18.91
2022-10-25,0.84,67.51,-999.0,2.74,17.79
2022-10-26,0.84,75.87,-999.0,2.77,16.23
2022-10-27,0.83,84.27,-999.0,2.94,15.45
2022-10-28,0.83,82.62,-999.0,2.76,14.19
2022-10-29,0.83,85.3,-999.0,2.11,14.0
2022-10-30,0.82,83.47,-999.0,2.17,14.68
2022-10-31,0.82,82.6,-999.0,2.42,15.22
2022-11-01,0.82,81.21,-999.0,2.37,14.48
2022-11-02,0.81,82.85,-999.0,2.66,13.97
2022-11-03,0.81,86.03,-999.0,2.8,13.08
2022-11-04,0.81,84.15,-999.0,2.34,11.45
2022-11-05,0.81,80.18,-999.0,2.1,12.41
2022-11-06,0.8,83.82,-999.0,2.56,13.69
2022-11-07,0.8,87.8,-999.0,1.95,10.45
2022-11-08,0.8,89.29,-999.0,2.86,10.92
2022-11-09,0.8,86.71,-999.0,2.87,10.52
2022-11-10,0.8,80.12,-999.0,2.09,11.98
2022-11-11,0.79,68.42,-999.0,2.08,12.8
2022-11-12,0.79,67.84,-999.0,2.82,14.99
2022-11-13,0.79,66.48,-999.0,2.69,15.69
2022-11-14,0.78,71.2,-999.0,2.51,13.38
2022-11-15,0.78,67.69,-999.0,2.35,14.21
2022-11-16,0.78,73.53,-999.0,2.25,13.5
2022-11-17,0.77,78.08,-999.0,2.58,14.69
2022-11-18,0.77,81.85,-999.0,2.69,13.31
2022-11-19,0.77,84.14,-999.0,2.29,12.63
2022-11-20,0.77,76.7,-999.0,1.95,13.25
2022-11-21,0.76,73.6,-999.0,2.29,14.22
2022-11-22,0.76,69.18,-999.0,2.2,14.5
2022-11-23,0.76,72.08,-999.0,1.99,14.13
2022-11-24,0.76,68.71,-999.0,2.25,13.37
2022-11-25,0.75,62.56,-999.0,1.93,13.06
2022-11-26,0.75,61.47,-999.0,2.64,13.02
2022-11-27,0.75,73.96,-999.0,2.18,12.34
2022-11-28,0.74,78.89,-999.0,1.95,12.0
2022-11-29,0.74,76.98,-999.0,2.25,11.54
2022-11-30,0.74,77.28,-999.0,2.33,10.92
2022-12-01,0.74,76.42,-999.0,2.32,11.58
2022-12-02,0.74,76.1,-999.0,2.08,11.06
2022-12-03,0.73,77.32,-999.0,2.54,11.79
2022-12-04,0.73,74.71,-999.0,2.32,11.39
2022-12-05,0.73,74.33,-999.0,2.31,10.36
2022-12-06,0.72,69.4,-999.0,2.02,11.92
2022-12-07,0.72,65.9,-999.0,2.64,12.57
2022-12-08,0.72,69.42,-999.0,2.4,12.4
2022-12-09,0.72,63.57,-999.0,1.62,12.75
2022-12-10,0.71,56.32,-999.0,1.82,13.26
2022-12-11,0.71,51.08,-999.0,2.04,13.41
2022-12-12,0.72,47.11,-999.0,1.83,13.95
2022-12-13,0.71,47.6,-999.0,1.87,14.11
2022-12-14,0.7,51.43,-999.0,2.28,13.64
2022-12-15,0.7,58.65,-999.0,2.83,13.49
2022-12-16,0.7,59.07,-999.0,3.09,12.64
2022-12-17,0.7,60.57,-999.0,2.6,11.41
2022-12-18,0.69,69.41,-999.0,2.22,11.22
2022-12-19,0.69,73.24,-999.0,2.91,10.91
2022-12-20,0.69,70.75,-999.0,2.54,11.43
2022-12-21,0.68,61.55,-999.0,2.56,11.78
2022-12-22,0.68,48.97,-999.0,1.96,11.99
2022-12-23,0.68,44.95,-999.0,1.81,11.75
2022-12-24,0.68,62.64,-999.0,2.6,10.0
2022-12-25,0.67,68.5,-999.0,2.73,12.04
2022-12-26,0.67,70.2,-999.0,2.41,10.99
2022-12-27,0.67,69.12,-999.0,3.34,9.23
2022-12-28,0.66,60.53,-999.0,2.92,9.29
2022-12-29,0.66,59.8,-999.0,2.45,10.42
2022-12-30,0.66,69.53,-999.0,2.88,11.64
2022-12-31,0.66,75.74,-999.0,2.95,10.77
2023-01-01,0.66,79.32,-999.0,2.74,8.78
2023-01-02,0.66,79.03,-999.0,1.96,10.92
2023-01-03,0.65,66.78,-999.0,2.03,9.16
2023-01-04,0.65,64.16,-999.0,3.0,9.23
2023-01-05,0.65,62.71,-999.0,2.86,8.5
2023-01-06,0.64,55.18,-999.0,1.59,10.54
2023-01-07,0.64,47.83,-999.0,2.16,8.82
2023-01-08,0.63,49.07,-999.0,2.67,10.24
2023-01-09,0.63,56.03,-999.0,2.78,11.63
2023-01-10,0.63,60.35,-999.0,2.42,10.91
2023-01-11,0.62,58.53,-999.0,2.41,8.43
2023-01-12,0.62,61.91,-999.0,2.92,10.14
2023-01-13,0.62,65.39,-999.0,2.5,11.42
2023-01-14,0.61,75.15,-999.0,3.06,11.76
2023-01-15,0.61,72.2,-999.0,2.84,8.76
2023-01-16,0.61,67.7,-999.0,3.37,8.15
2023-01-17,0.61,62.94,-999.0,3.13,12.25
2023-01-18,0.6,57.28,-999.0,3.25,12.92
2023-01-19,0.6,56.83,-999.0,2.21,9.64
2023-01-20,0.6,58.75,-999.0,3.01,11.47
2023-01-21,0.59,60.11,-999.0,2.43,12.58
2023-01-22,0.59,53.28,-999.0,2.29,11.95
2023-01-23,0.59,56.23,-999.0,2.19,13.18
2023-01-24,0.63,65.45,-999.0,2.34,4.8
2023-01-25,0.65,73.35,-999.0,2.07,2.2
2023-01-26,0.62,67.46,-999.0,3.06,12.69
2023-01-27,0.61,60.92,-999.0,2.24,11.89
2023-01-28,0.6,51.8,-999.0,2.58,13.64
2023-01-29,0.59,47.54,-999.0,2.69,14.24
2023-01-30,0.59,44.79,-999.0,2.2,13.36
2023-01-31,0.58,53.21,-999.0,2.43,14.68
2023-02-01,0.58,55.84,-999.0,2.94,12.28
2023-02-02,0.57,45.39,-999.0,2.57,14.46
2023-02-03,0.57,49.79,-999.0,2.68,14.35
2023-02-04,0.57,52.4,-999.0,3.19,12.23
2023-02-05,0.56,60.19,-999.0,2.9,14.98
2023-02-06,0.56,60.83,-999.0,2.74,15.55
2023-02-07,0.56,58.41,-999.0,4.16,15.69
2023-02-08,0.55,61.55,-999.0,2.84,17.5
2023-02-09,0.55,58.44,-999.0,3.18,17.03
2023-02-10,0.54,52.97,-999.0,3.49,16.58
2023-02-11,0.54,54.14,-999.0,3.55,17.15
2023-02-12,0.54,51.25,-999.0,4.92,17.81
2023-02-13,0.53,42.81,-999.0,3.96,19.73
2023-02-14,0.53,47.99,-999.0,2.26,17.86
2023-02-15,0.53,54.98,-999.0,2.64,17.61
2023-02-16,0.52,57.68,-999.0,2.29,17.24
2023-02-17,0.52,57.86,-999.0,2.2,13.23
2023-02-18,0.52,60.53,-999.0,2.69,17.13
2023-02-19,0.51,60.83,-999.0,2.66,16.83
2023-02-20,0.51,53.13,-999.0,3.21,16.66
2023-02-21,0.5,48.63,-999.0,3.13,18.06
2023-02-22,0.5,49.8,-999.0,3.11,17.34
2023-02-23,0.49,45.4,-999.0,3.79,20.06
2023-02-24,0.49,41.09,-999.0,3.47,19.26
2023-02-25,0.49,43.79,-999.0,4.03,19.11
2023-02-26,0.5,51.94,-999.0,3.33,18.61
2023-02-27,0.49,51.41,-999.0,3.12,17.48
2023-02-28,0.48,47.48,-999.0,3.82,18.82
2023-03-01,0.48,47.42,-999.0,3.21,18.89
2023-03-02,0.47,48.51,-999.0,3.44,20.5
2023-03-03,0.47,44.46,-999.0,5.15,20.76
2023-03-04,0.46,44.26,-999.0,3.38,20.85
2023-03-05,0.45,45.0,-999.0,3.09,20.06
2023-03-06,0.45,44.76,-999.0,3.29,21.98
2023-03-07,0.44,44.66,-999.0,4.18,19.54
2023-03-08,0.44,48.56,-999.0,3.3,18.34
2023-03-09,0.44,50.97,-999.0,3.2,18.05
2023-03-10,0.44,51.37,-999.0,3.76,18.56
2023-03-11,0.43,53.54,-999.0,3.28,18.49
2023-03-12,0.43,52.75,-999.0,2.73,19.29
2023-03-13,0.43,49.88,-999.0,3.09,18.57
2023-03-14,0.42,49.72,-999.0,3.05,18.48
2023-03-15,0.42,47.23,-999.0,2.51,20.63
2023-03-16,0.42,49.1,-999.0,3.88,17.31
2023-03-17,0.44,54.34,-999.0,2.95,9.12
2023-03-18,0.44,63.69,-999.0,3.84,9.53
2023-03-19,0.44,68.05,-999.0,2.87,12.51
2023-03-20,0.51,81.35,-999.0,3.46,6.75
2023-03-21,0.53,83.47,-999.0,2.69,7.74
2023-03-22,0.49,72.18,-999.0,3.37,21.54
2023-03-23,0.46,56.84,-999.0,3.5,21.83
2023-03-24,0.48,52.78,-999.0,3.02,21.56
2023-03-25,0.49,59.47,-999.0,2.69,13.8
2023-03-26,0.46,54.48,-999.0,3.12,21.45
2023-03-27,0.44,46.98,-999.0,4.11,23.06
2023-03-28,0.44,43.02,-999.0,3.39,24.7
2023-03-29,0.42,40.86,-999.0,3.72,21.66
2023-03-30,0.42,41.78,-999.0,3.89,23.77
2023-03-31,0.52,67.31,-999.0,4.92,14.23
2023-04-01,0.53,78.53,-999.0,2.92,11.2
2023-04-02,0.48,67.46,-999.0,5.02,20.91
2023-04-03,0.46,53.05,-999.0,3.52,24.35
2023-04-04,0.44,51.64,-999.0,3.72,14.14
2023-04-05,0.43,46.7,-999.0,4.3,26.0
2023-04-06,0.43,36.34,-999.0,3.92,26.5
2023-04-07,0.42,32.91,-999.0,3.41,26.92
2023-04-08,0.41,32.75,-999.0,3.28,24.4
2023-04-09,0.4,31.64,-999.0,3.25,25.52
2023-04-10,0.4,30.45,-999.0,4.07,26.21
2023-04-11,0.39,31.84,-999.0,4.33,26.68
2023-04-12,0.39,33.95,-999.0,3.82,25.79
2023-04-13,0.38,33.93,-999.0,4.69,25.63
2023-04-14,0.39,35.71,-999.0,3.7,22.52
2023-04-15,0.39,38.03,-999.0,3.76,23.34
2023-04-16,0.38,33.73,-999.0,5.08,25.31
2023-04-17,0.37,31.13,-999.0,5.19,25.48
2023-04-18,0.37,31.27,-999.0,3.88,25.6
2023-04-19,0.37,36.99,-999.0,4.39,24.57
2023-04-20,0.37,38.15,-999.0,3.66,20.03
2023-04-21,0.41,50.92,-999.0,4.06,13.42
2023-04-22,0.38,38.8,-999.0,4.5,23.87
2023-04-23,0.37,32.18,-999.0,2.67,24.54
2023-04-24,0.43,48.36,-999.0,5.61,8.09
2023-04-25,0.4,45.66,-999.0,3.15,24.01
2023-04-26,0.38,45.54,-999.0,3.6,20.4
2023-04-27,0.38,46.6,-999.0,2.24,20.84
2023-04-28,0.4,47.5,-999.0,5.66,18.68
2023-04-29,0.41,50.34,-999.0,2.54,19.52
2023-04-30,0.5,77.98,-999.0,4.56,8.71
2023-05-01,0.42,59.01,-999.0,1.87,8.93
2023-05-02,0.41,64.16,-999.0,3.02,14.65
2023-05-03,0.43,69.88,-999.0,2.62,14.19
2023-05-04,0.45,67.32,-999.0,3.41,19.24
2023-05-05,0.4,54.22,-999.0,3.67,26.37
2023-05-06,0.39,46.82,-999.0,5.11,25.68
2023-05-07,0.38,37.83,-999.0,5.8,26.62
2023-05-08,0.37,34.29,-999.0,5.1,21.78
2023-05-09,0.37,33.87,-999.0,3.8,23.9
2023-05-10,0.36,26.89,-999.0,3.95,28.61
2023-05-11,0.36,29.89,-999.0,4.5,27.15
2023-05-12,0.36,31.59,-999.0,4.49,26.25
2023-05-13,0.35,32.93,-999.0,3.8,24.62
2023-05-14,0.36,34.35,-999.0,4.4,23.16
2023-05-15,0.39,41.3,-999.0,4.1,24.28
2023-05-16,0.39,40.23,-999.0,4.27,25.54
2023-05-17,0.36,39.09,-999.0,4.22,23.09
2023-05-18,0.38,44.05,-999.0,4.01,24.81
2023-05-19,0.37,39.49,-999.0,4.14,26.7
2023-05-20,0.35,34.17,-999.0,4.85,26.3
2023-05-21,0.35,34.96,-999.0,3.66,27.21
2023-05-22,0.34,31.56,-999.0,4.32,24.94
2023-05-23,0.39,37.76,-999.0,5.12,23.57
2023-05-24,0.47,54.56,-999.0,3.86,23.28
2023-05-25,0.48,65.55,-999.0,4.82,15.41
2023-05-26,0.42,63.81,-999.0,4.34,18.32
2023-05-27,0.47,63.39,-999.0,4.09,17.91
2023-05-28,0.42,54.06,-999.0,4.24,24.44
2023-05-29,0.39,50.84,-999.0,4.2,24.62
2023-05-30,0.38,43.03,-999.0,4.11,25.92
2023-05-31,0.37,43.77,-999.0,4.6,24.24
2023-06-01,0.37,42.58,-999.0,4.34,27.94
2023-06-02,0.37,41.08,-999.0,4.32,26.95
2023-06-03,0.36,41.05,-999.0,3.8,27.64
2023-06-04,0.35,37.54,-999.0,3.65,27.63
2023-06-05,0.35,41.09,-999.0,4.13,19.06
2023-06-06,0.36,45.31,-999.0,4.36,23.47
2023-06-07,0.35,37.43,-999.0,4.11,26.68
2023-06-08,0.34,32.47,-999.0,3.67,27.37
2023-06-09,0.34,34.07,-999.0,4.24,26.85
2023-06-10,0.34,36.42,-999.0,4.01,25.06
2023-06-11,0.34,41.19,-999.0,4.63,24.42
2023-06-12,0.37,48.23,-999.0,4.47,25.34
2023-06-13,0.36,47.23,-999.0,6.59,24.63
2023-06-14,0.39,49.77,-999.0,7.02,24.95
2023-06-15,0.37,49.71,-999.0,5.88,26.41
2023-06-16,0.35,48.88,-999.0,6.44,27.08
2023-06-17,0.37,48.45,-999.0,6.27,25.28
2023-06-18,0.42,53.45,-999.0,4.92,23.14
2023-06-19,0.43,53.9,-999.0,4.08,24.09
2023-06-20,0.39,55.46,-999.0,2.94,16.19
2023-06-21,0.37,57.97,-999.0,3.06,19.1
2023-06-22,0.36,57.01,-999.0,2.87,18.01
2023-06-23,0.35,59.53,-999.0,4.1,22.39
2023-06-24,0.41,68.93,-999.0,4.44,12.04
2023-06-25,0.45,73.72,-999.0,3.89,17.52
2023-06-26,0.5,73.56,-999.0,3.66,20.17
2023-06-27,0.54,76.41,-999.0,3.48,22.23
2023-06-28,0.52,76.37,-999.0,3.9,16.53
2023-06-29,0.56,77.74,-999.0,4.81,17.09
2023-06-30,0.62,87.55,-999.0,6.7,15.37
2023-07-01,0.7,90.03,-999.0,3.93,7.37
2023-07-02,0.62,84.62,-999.0,3.58,17.05
2023-07-03,0.61,83.81,-999.0,3.3,18.33
2023-07-04,0.62,86.9,-999.0,5.81,12.46
2023-07-05,0.58,85.35,-999.0,3.9,11.81
2023-07-06,0.56,76.23,-999.0,3.37,13.57
2023-07-07,0.58,85.36,-999.0,4.39,14.76
2023-07-08,0.58,85.13,-999.0,5.82,19.12
2023-07-09,0.59,83.35,-999.0,3.42,17.95
2023-07-10,0.61,81.83,-999.0,4.32,16.49
2023-07-11,0.6,84.91,-999.0,4.69,15.44
2023-07-12,0.59,86.73,-999.0,4.87,13.49
2023-07-13,0.6,86.41,-999.0,3.3,8.42
2023-07-14,0.67,87.75,-999.0,4.5,17.36
2023-07-15,0.71,91.47,-999.0,1.91,12.16
2023-07-16,0.66,85.75,-999.0,3.78,17.03
2023-07-17,0.65,85.2,-999.0,3.64,9.57
2023-07-18,0.67,89.28,-999.0,4.99,13.0
2023-07-19,0.69,78.45,-999.0,3.09,20.31
2023-07-20,0.67,78.08,-999.0,3.05,24.09
2023-07-21,0.68,79.64,-999.0,2.54,18.35
2023-07-22,0.68,84.05,-999.0,4.63,21.4
2023-07-23,0.69,86.43,-999.0,5.18,20.66
2023-07-24,0.7,84.41,-999.0,2.46,19.2
2023-07-25,0.73,89.52,-999.0,3.31,7.34
2023-07-26,0.72,88.72,-999.0,1.65,13.98
2023-07-27,0.69,85.79,-999.0,4.08,13.12
2023-07-28,0.68,82.56,-999.0,4.08,15.19
2023-07-29,0.69,87.02,-999.0,5.15,12.02
2023-07-30,0.72,88.14,-999.0,2.68,18.89
2023-07-31,0.72,87.17,-999.0,3.53,15.82
2023-08-01,0.71,87.75,-999.0,4.37,18.45
2023-08-02,0.7,84.39,-999.0,3.11,9.88
2023-08-03,0.72,88.62,-999.0,3.99,16.37
2023-08-04,0.75,87.82,-999.0,4.57,12.18
2023-08-05,0.73,90.28,-999.0,4.79,9.9
2023-08-06,0.74,94.01,-999.0,5.29,8.11
2023-08-07,0.79,94.27,-999.0,1.98,5.44
2023-08-08,0.79,93.04,-999.0,4.57,9.42
2023-08-09,0.79,91.37,-999.0,4.01,12.0
2023-08-10,0.78,95.28,-999.0,3.06,13.74
2023-08-11,0.77,93.0,-999.0,4.98,14.35
2023-08-12,0.86,92.15,-999.0,5.76,5.95
2023-08-13,0.87,93.1,-999.0,4.04,2.64
2023-08-14,0.85,84.07,-999.0,2.84,7.89
2023-08-15,0.83,86.3,-999.0,3.01,17.79
2023-08-16,0.82,85.96,-999.0,2.98,17.33
2023-08-17,0.84,90.42,-999.0,4.15,11.49
2023-08-18,0.82,88.83,-999.0,3.58,20.49
2023-08-19,0.85,87.71,-999.0,3.79,19.07
2023-08-20,0.85,87.7,-999.0,4.67,16.23
2023-08-21,0.85,87.36,-999.0,3.91,5.84
2023-08-22,0.88,92.44,-999.0,2.57,3.7
2023-08-23,0.89,94.0,-999.0,3.16,5.69
2023-08-24,0.89,94.6,-999.0,3.04,8.84
2023-08-25,0.89,93.95,-999.0,4.03,11.74
2023-08-26,0.88,92.4,-999.0,4.35,16.43
2023-08-27,0.87,91.75,-999.0,3.69,18.26
2023-08-28,0.87,91.06,-999.0,2.52,17.15
2023-08-29,0.86,90.93,-999.0,2.7,18.7
2023-08-30,0.85,91.31,-999.0,3.35,18.54
2023-08-31,0.85,90.2,-999.0,4.16,16.94
2023-09-01,0.84,91.09,-999.0,4.02,15.77
2023-09-02,0.84,89.42,-999.0,4.16,17.72
2023-09-03,0.84,85.74,-999.0,3.28,19.43
2023-09-04,0.83,80.86,-999.0,3.37,19.16
2023-09-05,0.83,84.42,-999.0,1.75,12.42
2023-09-06,0.83,63.3,-999.0,1.7,14.49
2023-09-07,0.82,75.62,-999.0,3.1,18.46
2023-09-08,0.83,87.95,-999.0,2.57,12.26
2023-09-09,0.84,90.71,-999.0,3.82,9.23
2023-09-10,0.85,89.56,-999.0,2.75,4.29
2023-09-11,0.86,85.57,-999.0,2.74,2.33
2023-09-12,0.84,86.0,-999.0,2.84,15.81
2023-09-13,0.83,89.52,-999.0,3.18,14.23
2023-09-14,0.83,89.03,-999.0,2.41,13.47
2023-09-15,0.83,88.55,-999.0,3.25,17.58
2023-09-16,0.83,89.04,-999.0,1.88,16.63
2023-09-17,0.84,87.87,-999.0,2.91,10.06
2023-09-18,0.83,85.08,-999.0,2.23,18.7
2023-09-19,0.84,85.66,-999.0,2.72,18.14
2023-09-20,0.84,89.66,-999.0,3.37,13.68
2023-09-21,0.83,89.79,-999.0,3.72,13.0
2023-09-22,0.84,92.09,-999.0,2.65,15.46
2023-09-23,0.85,92.09,-999.0,5.11,11.46
2023-09-24,0.84,90.58,-999.0,1.64,14.84
2023-09-25,0.85,92.05,-999.0,4.01,15.8
2023-09-26,0.83,87.31,-999.0,2.87,19.24
2023-09-27,0.83,89.68,-999.0,2.96,19.05
2023-09-28,0.82,88.19,-999.0,2.85,18.7
2023-09-29,0.82,84.53,-999.0,2.26,18.38
2023-09-30,0.81,86.91,-999.0,2.66,18.75
2023-10-01,0.81,87.58,-999.0,3.02,19.81
2023-10-02,0.81,90.64,-999.0,5.93,10.63
2023-10-03,0.83,87.33,-999.0,2.99,10.19
2023-10-04,0.83,88.33,-999.0,2.63,15.74
2023-10-05,0.83,90.39,-999.0,3.46,17.13
2023-10-06,0.82,87.59,-999.0,2.37,15.8
2023-10-07,0.81,84.85,-999.0,3.13,15.3
2023-10-08,0.81,85.01,-999.0,2.86,15.25
2023-10-09,0.8,78.05,-999.0,2.81,17.14
2023-10-10,0.8,68.4,-999.0,1.89,17.94
2023-10-11,0.8,68.34,-999.0,2.72,18.68
2023-10-12,0.79,63.5,-999.0,2.17,18.96
2023-10-13,0.79,66.86,-999.0,3.04,18.53
2023-10-14,0.78,70.0,-999.0,2.49,17.17
2023-10-15,0.78,71.31,-999.0,2.19,16.0
2023-10-16,0.78,76.74,-999.0,1.8,12.94
2023-10-17,0.78,73.92,-999.0,2.28,10.51
2023-10-18,0.77,68.56,-999.0,2.95,18.76
2023-10-19,0.77,67.16,-999.0,2.44,18.75
2023-10-20,0.76,67.84,-999.0,2.85,18.72
2023-10-21,0.76,71.62,-999.0,2.23,18.21
2023-10-22,0.75,73.98,-999.0,2.36,17.48
2023-10-23,0.75,71.07,-999.0,2.72,17.04
2023-10-24,0.75,69.12,-999.0,2.53,16.59
2023-10-25,0.74,67.57,-999.0,2.01,16.86
2023-10-26,0.74,69.24,-999.0,2.08,17.06
2023-10-27,0.73,68.96,-999.0,2.6,17.0
2023-10-28,0.73,66.63,-999.0,2.53,16.01
2023-10-29,0.73,68.66,-999.0,2.15,15.05
2023-10-30,0.72,68.83,-999.0,2.71,14.76
2023-10-31,0.72,69.81,-999.0,2.64,15.25
2023-11-01,0.72,72.22,-999.0,1.99,15.82
2023-11-02,0.71,72.86,-999.0,2.09,15.38
2023-11-03,0.71,70.26,-999.0,2.73,13.41
2023-11-04,0.7,67.34,-999.0,2.99,12.55
2023-11-05,0.7,68.01,-999.0,2.26,12.72
2023-11-06,0.7,67.43,-999.0,2.19,11.75
2023-11-07,0.69,63.26,-999.0,2.11,13.53
2023-11-08,0.69,65.05,-999.0,2.09,12.8
2023-11-09,0.69,65.64,-999.0,2.22,12.71
2023-11-10,0.68,65.01,-999.0,2.04,11.55
2023-11-11,0.68,75.23,-999.0,2.16,10.64
2023-11-12,0.68,69.23,-999.0,1.95,13.81
2023-11-13,0.67,71.8,-999.0,2.03,14.03
2023-11-14,0.68,70.83,-999.0,1.66,11.08
2023-11-15,0.67,74.12,-999.0,2.9,13.31
2023-11-16,0.66,73.1,-999.0,2.56,12.94
2023-11-17,0.66,71.01,-999.0,2.41,13.59
2023-11-18,0.66,72.69,-999.0,2.5,12.7
2023-11-19,0.65,76.23,-999.0,2.08,11.43
2023-11-20,0.65,71.3,-999.0,2.13,12.1
2023-11-21,0.64,71.07,-999.0,2.34,12.69
2023-11-22,0.64,71.29,-999.0,2.53,12.48
2023-11-23,0.64,75.03,-999.0,1.96,12.06
2023-11-24,0.63,70.97,-999.0,1.89,12.12
2023-11-25,0.63,69.19,-999.0,2.92,12.5
2023-11-26,0.63,72.45,-999.0,1.43,11.16
2023-11-27,0.63,72.04,-999.0,2.12,6.8
2023-11-28,0.62,67.32,-999.0,3.83,10.46
2023-11-29,0.62,65.71,-999.0,3.33,11.32
2023-11-30,0.62,69.02,-999.0,4.52,7.52
2023-12-01,0.61,68.13,-999.0,2.1,11.59
2023-12-02,0.61,63.1,-999.0,1.97,12.79
2023-12-03,0.61,57.73,-999.0,2.81,12.93
2023-12-04,0.62,71.92,-999.0,3.02,5.42
2023-12-05,0.61,79.75,-999.0,2.46,10.34
2023-12-06,0.6,65.69,-999.0,2.29,12.53
2023-12-07,0.6,57.99,-999.0,2.43,12.07
2023-12-08,0.6,63.8,-999.0,2.64,11.23
2023-12-09,0.59,64.43,-999.0,2.9,12.32
2023-12-10,0.59,59.8,-999.0,2.64,12.95
2023-12-11,0.59,59.04,-999.0,2.55,11.89
2023-12-12,0.59,62.57,-999.0,2.67,10.81
2023-12-13,0.58,59.81,-999.0,3.55,11.97
2023-12-14,0.58,53.08,-999.0,2.78,12.49
2023-12-15,0.58,53.82,-999.0,2.24,12.77
2023-12-16,0.57,54.95,-999.0,2.32,11.94
2023-12-17,0.57,57.14,-999.0,2.1,11.93
2023-12-18,0.57,50.68,-999.0,2.11,12.8
2023-12-19,0.57,50.2,-999.0,2.45,13.77
2023-12-20,0.56,51.0,-999.0,2.63,11.31
2023-12-21,0.56,47.67,-999.0,1.66,11.17
2023-12-22,0.56,55.34,-999.0,1.84,11.12
2023-12-23,0.56,67.73,-999.0,2.82,11.19
2023-12-24,0.55,68.28,-999.0,2.95,12.22
2023-12-25,0.55,63.79,-999.0,2.44,12.06
2023-12-26,0.55,65.23,-999.0,2.21,12.09
2023-12-27,0.55,68.72,-999.0,2.72,10.81
2023-12-28,0.54,60.69,-999.0,2.44,9.63
2023-12-29,0.54,63.03,-999.0,2.49,9.34
2023-12-30,0.54,52.86,-999.0,2.27,9.35
2023-12-31,0.54,51.7,-999.0,2.66,7.88
2024-01-01,0.53,50.81,-999.0,2.58,9.57
2024-01-02,0.53,51.8,-999.0,2.44,11.72
2024-01-03,0.53,50.32,-999.0,1.5,8.56
2024-01-04,0.53,51.86,-999.0,2.27,8.07
2024-01-05,0.53,53.77,-999.0,2.56,8.04
2024-01-06,0.53,61.42,-999.0,1.27,7.26
2024-01-07,0.52,64.11,-999.0,3.31,9.2
2024-01-08,0.52,60.23,-999.0,2.87,10.33
2024-01-09,0.52,52.13,-999.0,1.7,9.2
2024-01-10,0.52,52.88,-999.0,3.11,8.04
2024-01-11,0.51,50.19,-999.0,2.53,9.1
2024-01-12,0.51,46.07,-999.0,2.75,8.62
2024-01-13,0.51,42.61,-999.0,2.25,8.89
2024-01-14,0.51,44.39,-999.0,3.29,10.53
2024-01-15,0.51,52.4,-999.0,2.21,8.98
2024-01-16,0.5,54.26,-999.0,2.81,9.67
2024-01-17,0.5,59.65,-999.0,3.35,8.96
2024-01-18,0.5,60.59,-999.0,2.5,9.13
2024-01-19,0.5,62.69,-999.0,2.36,9.25
2024-01-20,0.5,64.09,-999.0,3.43,8.5
2024-01-21,0.5,61.45,-999.0,3.26,8.8
2024-01-22,0.49,56.93,-999.0,3.25,8.85
2024-01-23,0.49,54.87,-999.0,2.93,11.92
2024-01-24,0.49,50.97,-999.0,2.54,10.78
2024-01-25,0.49,52.34,-999.0,2.81,11.38
2024-01-26,0.49,56.36,-999.0,2.81,9.68
2024-01-27,0.48,51.75,-999.0,3.52,10.81
2024-01-28,0.48,55.14,-999.0,3.03,9.15
2024-01-29,0.48,53.07,-999.0,3.41,13.91
2024-01-30,0.48,53.41,-999.0,3.22,13.25
2024-01-31,0.48,54.39,-999.0,3.46,11.73
2024-02-01,0.49,71.4,-999.0,1.64,2.08
2024-02-02,0.48,54.09,-999.0,4.48,16.08
2024-02-03,0.48,44.03,-999.0,4.41,16.93
2024-02-04,0.51,64.89,-999.0,3.33,8.1
2024-02-05,0.49,70.43,-999.0,3.13,12.68
2024-02-06,0.48,59.35,-999.0,3.3,11.18
2024-02-07,0.47,46.33,-999.0,3.82,16.21
2024-02-08,0.47,40.33,-999.0,4.45,18.13
2024-02-09,0.47,35.23,-999.0,3.63,15.53
2024-02-10,0.46,38.71,-999.0,2.55,16.1
2024-02-11,0.46,35.07,-999.0,3.19,16.73
2024-02-12,0.46,38.16,-999.0,3.55,15.86
2024-02-13,0.46,43.04,-999.0,2.36,10.58
2024-02-14,0.46,46.86,-999.0,2.88,11.44
2024-02-15,0.45,52.42,-999.0,2.88,15.53
2024-02-16,0.45,46.84,-999.0,2.71,16.35
2024-02-17,0.44,44.27,-999.0,2.54,17.76
2024-02-18,0.44,45.0,-999.0,2.81,14.08
2024-02-19,0.44,44.83,-999.0,2.78,15.87
2024-02-20,0.44,59.77,-999.0,2.95,15.13
2024-02-21,0.43,55.85,-999.0,4.21,14.75
2024-02-22,0.43,45.23,-999.0,3.34,12.77
2024-02-23,0.42,34.72,-999.0,3.67,20.53
2024-02-24,0.42,33.08,-999.0,3.16,18.54
2024-02-25,0.42,33.74,-999.0,2.94,18.45
2024-02-26,0.41,30.08,-999.0,3.0,15.72
2024-02-27,0.41,44.87,-999.0,3.42,12.04
2024-02-28,0.41,51.2,-999.0,4.5,20.52
2024-02-29,0.41,45.2,-999.0,3.84,21.04
2024-03-01,0.41,39.56,-999.0,2.73,20.02
2024-03-02,0.52,61.81,-999.0,3.12,4.15
2024-03-03,0.57,83.7,-999.0,2.93,6.48
2024-03-04,0.48,65.53,-999.0,2.79,18.97
2024-03-05,0.46,46.4,-999.0,3.73,21.46
2024-03-06,0.45,37.79,-999.0,3.56,20.15
2024-03-07,0.44,38.58,-999.0,3.45,21.8
2024-03-08,0.43,41.03,-999.0,2.65,22.55
2024-03-09,0.42,38.56,-999.0,3.16,22.64
2024-03-10,0.42,36.29,-999.0,2.52,20.75
2024-03-11,0.42,36.28,-999.0,2.41,20.01
2024-03-12,0.41,40.93,-999.0,4.27,21.88
2024-03-13,0.41,38.45,-999.0,4.06,21.61
2024-03-14,0.4,38.97,-999.0,4.15,21.72
2024-03-15,0.4,38.49,-999.0,3.99,22.45
2024-03-16,0.4,36.91,-999.0,2.78,18.22
2024-03-17,0.39,33.56,-999.0,3.33,20.06
2024-03-18,0.39,31.24,-999.0,3.83,22.41
2024-03-19,0.39,34.69,-999.0,4.68,21.03
2024-03-20,0.42,41.58,-999.0,3.61,18.5
2024-03-21,0.41,51.57,-999.0,3.35,12.39
2024-03-22,0.4,51.92,-999.0,4.28,15.42
2024-03-23,0.39,41.06,-999.0,4.55,20.34
2024-03-24,0.39,38.14,-999.0,4.15,19.64
2024-03-25,0.38,41.68,-999.0,4.23,20.06
2024-03-26,0.38,39.8,-999.0,4.4,19.46
2024-03-27,0.38,40.57,-999.0,5.05,19.63
2024-03-28,0.37,39.82,-999.0,4.46,20.52
2024-03-29,0.37,43.04,-999.0,4.11,18.46
2024-03-30,0.37,39.16,-999.0,5.01,18.31
2024-03-31,0.36,33.82,-999.0,4.17,23.18
2024-04-01,0.36,36.24,-999.0,4.06,22.78
2024-04-02,0.36,33.73,-999.0,3.99,24.98
2024-04-03,0.36,28.42,-999.0,3.37,22.6
2024-04-04,0.35,31.63,-999.0,4.44,22.25
2024-04-05,0.35,29.86,-999.0,4.46,19.01
2024-04-06,0.35,27.71,-999.0,5.27,19.69
2024-04-07,0.34,22.93,-999.0,4.44,25.69
2024-04-08,0.34,21.23,-999.0,4.75,26.3
2024-04-09,0.34,20.71,-999.0,3.64,22.5
2024-04-10,0.33,22.81,-999.0,4.08,24.3
2024-04-11,0.33,26.99,-999.0,3.74,23.61
2024-04-12,0.33,29.63,-999.0,3.81,21.01
2024-04-13,0.33,34.09,-999.0,4.63,20.34
2024-04-14,0.33,37.19,-999.0,3.61,18.37
2024-04-15,0.33,37.72,-999.0,3.84,20.82
2024-04-16,0.33,41.2,-999.0,4.69,20.28
2024-04-17,0.33,36.12,-999.0,4.93,26.14
2024-04-18,0.32,28.33,-999.0,5.68,25.48
2024-04-19,0.31,29.59,-999.0,5.6,25.89
2024-04-20,0.31,25.68,-999.0,5.76,26.53
2024-04-21,0.3,27.11,-999.0,5.37,23.73
2024-04-22,0.29,28.74,-999.0,5.78,25.59
2024-04-23,0.29,29.32,-999.0,4.64,22.82
2024-04-24,0.28,26.59,-999.0,5.66,26.44
2024-04-25,0.28,24.2,-999.0,4.44,25.69
2024-04-26,0.27,23.11,-999.0,4.95,25.42
2024-04-27,0.27,27.35,-999.0,4.95,23.98
2024-04-28,0.28,27.47,-999.0,4.79,23.97
2024-04-29,0.26,27.15,-999.0,5.0,24.04
2024-04-30,0.26,23.1,-999.0,6.71,26.66
2024-05-01,0.25,17.89,-999.0,6.82,27.13
2024-05-02,0.24,17.26,-999.0,4.88,26.96
2024-05-03,0.23,17.76,-999.0,4.43,24.98
2024-05-04,0.23,20.75,-999.0,5.11,18.14
2024-05-05,0.22,21.54,-999.0,5.65,26.1
2024-05-06,0.22,25.42,-999.0,5.64,24.86
2024-05-07,0.25,41.61,-999.0,3.14,20.73
2024-05-08,0.35,55.98,-999.0,4.63,18.72
2024-05-09,0.41,61.66,-999.0,3.1,18.36
2024-05-10,0.41,63.93,-999.0,3.93,18.32
2024-05-11,0.42,62.15,-999.0,1.96,8.47
2024-05-12,0.39,53.19,-999.0,4.25,22.21
2024-05-13,0.39,47.92,-999.0,4.4,18.7
2024-05-14,0.35,39.15,-999.0,4.59,21.48
2024-05-15,0.33,28.36,-999.0,4.07,24.17
2024-05-16,0.32,27.01,-999.0,4.17,24.92
2024-05-17,0.32,31.7,-999.0,3.82,24.39
2024-05-18,0.31,28.74,-999.0,5.36,24.74
2024-05-19,0.31,34.61,-999.0,3.98,19.83
2024-05-20,0.34,42.63,-999.0,4.76,20.05
2024-05-21,0.34,46.03,-999.0,4.32,21.86
2024-05-22,0.39,60.97,-999.0,3.81,18.16
2024-05-23,0.35,53.15,-999.0,3.65,21.7
2024-05-24,0.33,48.1,-999.0,3.98,22.56
2024-05-25,0.32,43.7,-999.0,4.18,21.44
2024-05-26,0.33,45.78,-999.0,3.75,17.33
2024-05-27,0.36,45.53,-999.0,4.27,19.34
2024-05-28,0.33,30.91,-999.0,4.72,25.7
2024-05-29,0.3,23.37,-999.0,5.26,26.61
2024-05-30,0.29,24.64,-999.0,5.28,23.91
2024-05-31,0.3,26.5,-999.0,5.29,26.78
2024-06-01,0.31,29.76,-999.0,4.66,24.98
2024-06-02,0.33,35.72,-999.0,4.51,19.5
2024-06-03,0.32,34.5,-999.0,4.52,21.53
2024-06-04,0.37,38.8,-999.0,4.39,23.72
2024-06-05,0.38,43.96,-999.0,4.32,22.43
2024-06-06,0.35,41.92,-999.0,5.19,25.97
2024-06-07,0.35,37.89,-999.0,4.96,25.7
2024-06-08,0.34,36.1,-999.0,5.27,25.84
2024-06-09,0.32,31.42,-999.0,4.92,26.84
2024-06-10,0.31,28.49,-999.0,4.1,26.96
2024-06-11,0.3,23.53,-999.0,4.02,20.62
2024-06-12,0.29,23.56,-999.0,3.91,26.72
2024-06-13,0.32,27.53,-999.0,4.98,25.51
2024-06-14,0.29,27.09,-999.0,5.69,25.17
2024-06-15,0.27,27.47,-999.0,5.08,25.56
2024-06-16,0.28,28.03,-999.0,4.51,24.62
2024-06-17,0.29,28.82,-999.0,4.98,23.31
2024-06-18,0.32,36.05,-999.0,6.17,23.56
2024-06-19,0.44,50.62,-999.0,4.88,23.29
2024-06-20,0.42,59.16,-999.0,5.31,20.26
2024-06-21,0.39,60.68,-999.0,4.31,18.37
2024-06-22,0.41,65.0,-999.0,4.54,19.0
2024-06-23,0.39,63.63,-999.0,3.77,17.93
2024-06-24,0.4,62.07,-999.0,4.72,19.78
2024-06-25,0.4,59.86,-999.0,4.1,17.24
2024-06-26,0.55,71.76,-999.0,3.74,9.93
2024-06-27,0.52,74.91,-999.0,3.23,15.06
2024-06-28,0.48,74.8,-999.0,3.71,16.78
2024-06-29,0.55,81.46,-999.0,5.61,16.64
2024-06-30,0.53,82.84,-999.0,4.38,17.15
2024-07-01,0.62,83.43,-999.0,3.82,15.07
2024-07-02,0.68,90.53,-999.0,3.24,8.13
2024-07-03,0.68,88.89,-999.0,2.31,5.2
2024-07-04,0.71,86.63,-999.0,4.07,13.95
2024-07-05,0.75,89.28,-999.0,5.67,6.36
2024-07-06,0.83,94.26,-999.0,4.33,5.82
2024-07-07,0.83,93.2,-999.0,4.69,3.38
2024-07-08,0.75,85.88,-999.0,2.01,17.44
2024-07-09,0.74,84.68,-999.0,3.28,19.72
2024-07-10,0.77,90.67,-999.0,4.33,17.95
2024-07-11,0.81,93.12,-999.0,3.83,17.88
2024-07-12,0.82,92.37,-999.0,4.79,12.38
2024-07-13,0.82,92.07,-999.0,4.22,15.68
2024-07-14,0.8,87.39,-999.0,3.38,19.85
2024-07-15,0.79,87.91,-999.0,4.04,18.22
2024-07-16,0.79,87.21,-999.0,4.2,19.29
2024-07-17,0.78,83.25,-999.0,2.17,16.42
2024-07-18,0.78,84.46,-999.0,3.86,17.17
2024-07-19,0.78,86.34,-999.0,1.91,11.32
2024-07-20,0.8,83.2,-999.0,3.9,20.86
2024-07-21,0.78,87.9,-999.0,4.49,14.24
2024-07-22,0.79,85.2,-999.0,2.87,16.82
2024-07-23,0.81,83.99,-999.0,2.75,16.52
2024-07-24,0.8,86.74,-999.0,3.68,14.57
2024-07-25,0.81,86.82,-999.0,3.85,19.36
2024-07-26,0.79,82.63,-999.0,3.87,18.31
2024-07-27,0.78,71.97,-999.0,3.48,17.97
2024-07-28,0.77,80.09,-999.0,3.68,18.73
2024-07-29,0.79,84.87,-999.0,2.27,17.28
2024-07-30,0.81,85.34,-999.0,3.3,17.63
2024-07-31,0.81,89.08,-999.0,4.2,4.18
2024-08-01,0.8,84.19,-999.0,4.49,22.17
2024-08-02,0.79,85.05,-999.0,3.28,16.87
2024-08-03,0.8,86.81,-999.0,2.11,12.7
2024-08-04,0.78,83.63,-999.0,5.41,20.04
2024-08-05,0.78,88.53,-999.0,4.37,16.75
2024-08-06,0.82,93.72,-999.0,5.67,11.86
2024-08-07,0.83,90.93,-999.0,2.96,14.34
2024-08-08,0.81,89.26,-999.0,4.29,14.32
2024-08-09,0.84,87.58,-999.0,3.93,10.47
2024-08-10,0.83,86.71,-999.0,2.45,14.11
2024-08-11,0.85,88.41,-999.0,5.15,10.83
2024-08-12,0.83,92.0,-999.0,3.51,13.69
2024-08-13,0.82,89.61,-999.0,4.33,16.16
2024-08-14,0.82,90.04,-999.0,3.95,14.85
2024-08-15,0.83,88.26,-999.0,5.09,19.62
2024-08-16,0.85,85.36,-999.0,2.15,14.98
2024-08-17,0.84,89.37,-999.0,3.37,18.69
2024-08-18,0.89,85.98,-999.0,4.68,8.75
2024-08-19,0.86,89.87,-999.0,4.58,8.55
2024-08-20,0.86,93.0,-999.0,3.05,12.26
2024-08-21,0.85,89.93,-999.0,3.0,11.92
2024-08-22,0.84,91.19,-999.0,4.53,11.77
2024-08-23,0.84,80.43,-999.0,2.54,14.52
2024-08-24,0.83,84.01,-999.0,3.33,19.34
2024-08-25,0.83,83.08,-999.0,4.26,19.58
2024-08-26,0.82,80.32,-999.0,2.97,16.8
2024-08-27,0.83,88.91,-999.0,4.4,17.46
2024-08-28,0.83,85.82,-999.0,4.91,16.41
2024-08-29,0.84,87.1,-999.0,4.44,21.1
2024-08-30,0.82,87.28,-999.0,3.64,20.96
2024-08-31,0.82,89.14,-999.0,4.06,21.83
2024-09-01,0.82,90.7,-999.0,4.66,9.98
2024-09-02,0.83,85.88,-999.0,2.73,15.08
2024-09-03,0.82,86.77,-999.0,3.5,18.72
2024-09-04,0.82,91.74,-999.0,3.83,14.22
2024-09-05,0.82,90.79,-999.0,3.26,15.64
2024-09-06,0.81,88.0,-999.0,3.72,15.8
2024-09-07,0.81,83.35,-999.0,3.12,20.53
2024-09-08,0.8,83.33,-999.0,2.85,21.87
2024-09-09,0.8,86.66,-999.0,3.33,19.6
2024-09-10,0.8,86.79,-999.0,2.08,20.08
2024-09-11,0.83,91.79,-999.0,2.28,16.13
2024-09-12,0.86,92.7,-999.0,5.83,8.43
2024-09-13,0.87,88.6,-999.0,5.2,10.54
2024-09-14,0.84,82.91,-999.0,2.79,17.6
2024-09-15,0.83,85.89,-999.0,3.44,14.02
2024-09-16,0.84,84.92,-999.0,3.1,15.37
2024-09-17,0.85,85.75,-999.0,2.86,7.93
2024-09-18,0.83,84.24,-999.0,3.0,18.21
2024-09-19,0.82,86.85,-999.0,2.93,21.04
2024-09-20,0.82,91.8,-999.0,2.18,18.56
2024-09-21,0.82,75.66,-999.0,1.78,16.21
2024-09-22,0.82,73.62,-999.0,2.7,12.42
2024-09-23,0.81,84.99,-999.0,2.6,19.42
2024-09-24,0.82,87.94,-999.0,1.54,19.25
2024-09-25,0.83,91.08,-999.0,1.8,11.41
2024-09-26,0.84,86.9,-999.0,2.51,14.61
2024-09-27,0.89,88.49,-999.0,2.58,4.77
2024-09-28,0.88,89.15,-999.0,2.81,13.12
2024-09-29,0.86,87.13,-999.0,2.49,15.13
2024-09-30,0.85,94.08,-999.0,3.45,13.41
2024-10-01,0.85,93.03,-999.0,3.27,14.39
2024-10-02,0.84,92.36,-999.0,3.13,16.84
2024-10-03,0.84,87.16,-999.0,3.66,17.18
2024-10-04,0.84,82.38,-999.0,2.93,15.67
2024-10-05,0.83,83.73,-999.0,2.92,15.64
2024-10-06,0.83,82.44,-999.0,2.31,15.01
2024-10-07,0.82,84.57,-999.0,2.19,17.59
2024-10-08,0.82,85.93,-999.0,2.48,17.55
2024-10-09,0.81,88.15,-999.0,2.37,16.86
2024-10-10,0.81,85.95,-999.0,2.73,17.17
2024-10-11,0.8,73.0,-999.0,1.95,19.73
2024-10-12,0.8,76.08,-999.0,2.87,19.1
2024-10-13,0.79,76.58,-999.0,3.25,18.36
2024-10-14,0.79,73.69,-999.0,2.61,15.7
2024-10-15,0.79,75.01,-999.0,2.63,16.98
2024-10-16,0.78,76.97,-999.0,3.47,14.15
2024-10-17,0.78,81.39,-999.0,1.96,14.81
2024-10-18,0.78,82.07,-999.0,2.95,14.84
2024-10-19,0.78,81.53,-999.0,2.83,15.11
2024-10-20,0.78,78.57,-999.0,1.99,15.85
2024-10-21,0.77,78.49,-999.0,2.13,15.0
2024-10-22,0.77,77.37,-999.0,1.85,15.25
2024-10-23,0.76,68.55,-999.0,2.7,17.44
2024-10-24,0.76,66.41,-999.0,2.18,17.79
2024-10-25,0.76,84.81,-999.0,2.59,14.69
2024-10-26,0.75,88.73,-999.0,2.64,13.0
2024-10-27,0.75,87.46,-999.0,2.5,17.19
2024-10-28,0.75,85.55,-999.0,2.68,16.95
2024-10-29,0.74,88.24,-999.0,3.17,16.17
2024-10-30,0.74,89.32,-999.0,2.0,16.02
2024-10-31,0.73,84.45,-999.0,2.25,15.91
2024-11-01,0.73,76.2,-999.0,2.51,12.72
2024-11-02,0.73,72.9,-999.0,2.32,11.97
2024-11-03,0.72,74.56,-999.0,2.13,10.62
2024-11-04,0.72,74.79,-999.0,2.95,9.86
2024-11-05,0.72,78.88,-999.0,1.97,12.79
2024-11-06,0.71,80.54,-999.0,2.87,14.98
2024-11-07,0.71,78.23,-999.0,2.74,12.34
2024-11-08,0.71,81.96,-999.0,2.83,10.88
2024-11-09,0.71,86.91,-999.0,3.67,9.41
2024-11-10,0.71,87.48,-999.0,3.16,11.6
2024-11-11,0.7,83.44,-999.0,2.52,12.12
2024-11-12,0.7,85.39,-999.0,2.66,11.3
2024-11-13,0.69,75.81,-999.0,2.61,12.0
2024-11-14,0.69,71.61,-999.0,2.22,11.46
2024-11-15,0.69,61.66,-999.0,2.08,11.58
2024-11-16,0.68,61.17,-999.0,1.97,12.5
2024-11-17,0.68,64.68,-999.0,2.31,13.03
2024-11-18,0.68,64.47,-999.0,2.56,12.66
2024-11-19,0.67,68.45,-999.0,2.62,11.48
2024-11-20,0.67,71.83,-999.0,2.94,12.8
2024-11-21,0.67,75.57,-999.0,2.72,11.84
2024-11-22,0.67,75.89,-999.0,2.09,11.6
2024-11-23,0.66,71.97,-999.0,2.34,12.36
2024-11-24,0.66,68.23,-999.0,2.64,12.25
2024-11-25,0.65,65.19,-999.0,2.99,13.0
2024-11-26,0.65,69.37,-999.0,2.72,11.37
2024-11-27,0.65,68.87,-999.0,2.73,12.0
2024-11-28,0.64,68.28,-999.0,2.44,11.67
2024-11-29,0.64,69.17,-999.0,2.3,12.1
2024-11-30,0.64,68.04,-999.0,2.79,13.75
2024-12-01,0.63,68.33,-999.0,2.42,13.2
2024-12-02,0.63,62.4,-999.0,2.76,12.28
2024-12-03,0.63,64.34,-999.0,2.25,12.55
2024-12-04,0.62,54.52,-999.0,2.3,13.91
2024-12-05,0.62,58.04,-999.0,2.34,13.83
2024-12-06,0.61,61.47,-999.0,1.96,13.52
2024-12-07,0.61,59.22,-999.0,2.72,12.63
2024-12-08,0.61,64.58,-999.0,2.93,11.71
2024-12-09,0.61,72.47,-999.0,2.06,6.44
2024-12-10,0.61,61.13,-999.0,2.18,13.31
2024-12-11,0.6,46.36,-999.0,2.79,13.7
2024-12-12,0.6,50.5,-999.0,2.37,13.11
2024-12-13,0.6,47.84,-999.0,2.43,13.68
2024-12-14,0.59,43.84,-999.0,2.16,13.52
2024-12-15,0.59,49.65,-999.0,2.25,11.91
2024-12-16,0.59,50.16,-999.0,2.07,13.23
2024-12-17,0.59,52.24,-999.0,2.09,12.56
2024-12-18,0.58,54.07,-999.0,2.17,13.34
2024-12-19,0.58,55.13,-999.0,2.37,11.63
2024-12-20,0.58,48.3,-999.0,2.36,12.21
2024-12-21,0.57,52.48,-999.0,2.13,12.95
2024-12-22,0.57,52.43,-999.0,2.43,12.99
2024-12-23,0.57,53.62,-999.0,2.75,11.31
2024-12-24,0.57,66.11,-999.0,2.36,5.71
2024-12-25,0.57,70.01,-999.0,2.94,10.35
2024-12-26,0.56,62.39,-999.0,2.54,11.92
2024-12-27,0.56,54.91,-999.0,1.76,12.38
2024-12-28,0.56,59.62,-999.0,2.32,7.78
2024-12-29,0.56,75.83,-999.0,1.99,11.57
2024-12-30,0.56,75.22,-999.0,3.24,9.17
2024-12-31,0.55,62.57,-999.0,3.03,9.21
2025-01-01,0.55,53.5,-999.0,2.72,8.32
2025-01-02,0.55,43.89,-999.0,1.98,9.77
2025-01-03,0.54,44.29,-999.0,2.24,10.05
2025-01-04,0.54,43.45,-999.0,2.83,11.72
2025-01-05,0.54,45.3,-999.0,1.74,12.08
2025-01-06,0.54,59.25,-999.0,2.22,12.66
2025-01-07,0.54,73.2,-999.0,3.02,8.64
2025-01-08,0.53,57.77,-999.0,4.22,6.81
2025-01-09,0.53,57.13,-999.0,2.32,8.63
2025-01-10,0.53,53.81,-999.0,2.6,14.71
2025-01-11,0.53,54.38,-999.0,2.92,12.17
2025-01-12,0.53,72.84,-999.0,1.97,6.41
2025-01-13,0.52,70.47,-999.0,3.85,11.71
2025-01-14,0.52,64.91,-999.0,3.23,11.4
2025-01-15,0.52,60.28,-999.0,2.85,9.38
2025-01-16,0.52,60.14,-999.0,4.31,4.41
2025-01-17,0.52,60.9,-999.0,3.15,13.44
2025-01-18,0.51,50.61,-999.0,2.93,13.27
2025-01-19,0.51,46.49,-999.0,3.12,12.56
2025-01-20,0.5,41.86,-999.0,2.8,11.38
2025-01-21,0.5,40.97,-999.0,2.8,11.27
2025-01-22,0.5,44.19,-999.0,3.46,10.71
2025-01-23,0.49,45.87,-999.0,3.65,6.63
2025-01-24,0.49,53.11,-999.0,3.98,13.51
2025-01-25,0.49,48.2,-999.0,3.16,14.67
2025-01-26,0.49,43.33,-999.0,2.86,12.98
2025-01-27,0.48,39.26,-999.0,2.77,13.52
2025-01-28,0.48,41.32,-999.0,3.06,13.98
2025-01-29,0.48,45.52,-999.0,2.93,11.58
2025-01-30,0.48,45.84,-999.0,2.44,15.04
2025-01-31,0.47,42.58,-999.0,3.04,15.58
2025-02-01,0.47,38.97,-999.0,2.59,15.51
2025-02-02,0.47,40.47,-999.0,2.94,16.48
2025-02-03,0.46,38.18,-999.0,3.0,16.85
2025-02-04,0.46,44.31,-999.0,2.99,9.22
2025-02-05,0.46,55.08,-999.0,3.48,14.54
2025-02-06,0.46,43.09,-999.0,4.47,18.64
2025-02-07,0.45,33.25,-999.0,4.09,18.26
2025-02-08,0.45,31.56,-999.0,3.21,16.85
2025-02-09,0.44,35.73,-999.0,3.45,17.18
2025-02-10,0.44,37.74,-999.0,3.06,14.74
2025-02-11,0.44,38.74,-999.0,4.34,17.62
2025-02-12,0.43,45.14,-999.0,4.13,17.73
2025-02-13,0.43,40.68,-999.0,3.79,19.51
2025-02-14,0.43,31.09,-999.0,4.03,19.15
2025-02-15,0.42,38.27,-999.0,2.98,13.73
2025-02-16,0.42,42.01,-999.0,3.44,18.07
2025-02-17,0.42,42.56,-999.0,3.5,16.02
2025-02-18,0.42,44.74,-999.0,3.08,16.07
2025-02-19,0.42,38.96,-999.0,4.05,18.17
2025-02-20,0.42,43.79,-999.0,4.2,10.81
2025-02-21,0.41,47.81,-999.0,3.24,18.5
2025-02-22,0.41,50.35,-999.0,3.52,17.92
2025-02-23,0.41,47.34,-999.0,3.09,18.01
2025-02-24,0.41,45.91,-999.0,3.71,17.56
2025-02-25,0.4,48.0,-999.0,3.53,18.04
2025-02-26,0.4,45.38,-999.0,4.56,15.1
2025-02-27,0.41,54.67,-999.0,3.01,13.87
2025-02-28,0.52,74.37,-999.0,2.91,5.69
2025-03-01,0.52,68.68,-999.0,3.27,13.13
2025-03-02,0.46,51.8,-999.0,4.11,21.27
2025-03-03,0.43,35.58,-999.0,3.32,22.14
2025-03-04,0.43,41.07,-999.0,3.24,19.39
2025-03-05,0.42,43.05,-999.0,4.92,21.66
2025-03-06,0.41,33.96,-999.0,4.38,21.16
2025-03-07,0.41,38.55,-999.0,3.9,19.6
2025-03-08,0.41,37.07,-999.0,4.01,20.22
2025-03-09,0.4,37.36,-999.0,3.63,18.63
2025-03-10,0.4,40.24,-999.0,3.49,15.34
2025-03-11,0.4,40.62,-999.0,4.32,17.8
2025-03-12,0.39,40.32,-999.0,3.87,20.97
2025-03-13,0.39,44.19,-999.0,5.37,17.78
2025-03-14,0.4,41.3,-999.0,3.25,21.38
2025-03-15,0.39,39.75,-999.0,2.62,17.06
2025-03-16,0.44,48.4,-999.0,4.36,19.79
2025-03-17,0.4,43.13,-999.0,3.91,22.52
2025-03-18,0.39,38.99,-999.0,3.24,23.64
2025-03-19,0.38,34.1,-999.0,3.54,24.26
2025-03-20,0.38,29.27,-999.0,3.87,22.81
2025-03-21,0.37,29.37,-999.0,3.39,23.39
2025-03-22,0.37,31.4,-999.0,4.09,22.1
2025-03-23,0.38,34.89,-999.0,2.02,22.54
2025-03-24,0.37,31.23,-999.0,2.99,22.58
2025-03-25,0.37,32.57,-999.0,3.8,21.42
2025-03-26,0.36,33.93,-999.0,3.57,22.59
2025-03-27,0.36,28.96,-999.0,5.8,23.58
2025-03-28,0.35,26.49,-999.0,4.88,24.86
2025-03-29,0.35,22.04,-999.0,4.51,25.61
2025-03-30,0.35,19.16,-999.0,4.32,21.47
2025-03-31,0.34,20.82,-999.0,3.75,26.0
2025-04-01,0.34,22.3,-999.0,3.9,26.18
2025-04-02,0.34,21.24,-999.0,2.86,24.84
2025-04-03,0.33,21.66,-999.0,3.06,25.04
2025-04-04,0.33,23.34,-999.0,4.1,24.32
2025-04-05,0.33,24.89,-999.0,3.85,24.9
2025-04-06,0.33,26.86,-999.0,3.25,24.11
2025-04-07,0.33,27.73,-999.0,4.64,21.57
2025-04-08,0.33,39.04,-999.0,2.51,17.16
2025-04-09,0.34,43.2,-999.0,2.78,14.45
2025-04-10,0.52,65.04,-999.0,2.75,7.23
2025-04-11,0.42,61.39,-999.0,2.68,22.17
2025-04-12,0.4,48.76,-999.0,3.88,22.41
2025-04-13,0.39,45.53,-999.0,4.36,22.9
2025-04-14,0.44,49.95,-999.0,3.22,22.16
2025-04-15,0.39,50.97,-999.0,3.1,20.69
2025-04-16,0.38,51.76,-999.0,2.7,16.6
2025-04-17,0.44,56.88,-999.0,2.67,9.99
2025-04-18,0.45,57.3,-999.0,3.06,20.22
2025-04-19,0.48,57.89,-999.0,3.75,24.21
2025-04-20,0.41,45.75,-999.0,3.48,24.14
2025-04-21,0.38,39.56,-999.0,4.11,23.31
2025-04-22,0.37,35.03,-999.0,3.96,25.06
2025-04-23,0.36,26.59,-999.0,3.7,27.07
2025-04-24,0.36,23.83,-999.0,3.59,26.92
2025-04-25,0.35,23.65,-999.0,4.79,26.25
2025-04-26,0.35,21.52,-999.0,4.47,25.17
2025-04-27,0.35,26.98,-999.0,2.36,17.94
2025-04-28,0.37,40.33,-999.0,3.57,20.05
2025-04-29,0.37,44.49,-999.0,4.26,20.99
2025-04-30,0.36,51.96,-999.0,4.09,19.75
2025-05-01,0.36,54.86,-999.0,3.28,16.5
2025-05-02,0.36,50.3,-999.0,2.43,16.24
2025-05-03,0.35,48.74,-999.0,3.4,18.95
2025-05-04,0.37,52.17,-999.0,2.95,14.72
2025-05-05,0.39,53.89,-999.0,3.04,12.74
2025-05-06,0.36,48.31,-999.0,3.72,12.11
2025-05-07,0.35,46.98,-999.0,3.34,22.93
2025-05-08,0.34,44.0,-999.0,4.84,23.07
2025-05-09,0.34,41.02,-999.0,4.74,22.55
2025-05-10,0.33,42.08,-999.0,4.12,23.59
2025-05-11,0.4,52.45,-999.0,3.67,17.27
2025-05-12,0.38,50.41,-999.0,2.35,23.77
2025-05-13,0.36,40.03,-999.0,4.65,25.4
2025-05-14,0.36,37.48,-999.0,4.25,24.58
2025-05-15,0.36,34.58,-999.0,4.01,26.07
2025-05-16,0.38,36.73,-999.0,5.31,18.03
2025-05-17,0.36,35.75,-999.0,5.38,21.7
2025-05-18,0.43,45.08,-999.0,4.37,19.6
2025-05-19,0.51,60.5,-999.0,3.49,16.67
2025-05-20,0.48,61.02,-999.0,4.1,21.94
2025-05-21,0.5,62.97,-999.0,2.77,17.98
2025-05-22,0.46,65.1,-999.0,3.05,19.6
2025-05-23,0.42,63.42,-999.0,3.63,21.02
2025-05-24,0.47,74.07,-999.0,4.15,21.34
2025-05-25,0.42,64.92,-999.0,3.11,21.66
2025-05-26,0.42,62.99,-999.0,3.52,22.01
2025-05-27,0.46,67.71,-999.0,4.5,22.43
2025-05-28,0.52,69.06,-999.0,3.4,19.64
2025-05-29,0.47,60.89,-999.0,3.54,21.74
2025-05-30,0.48,56.2,-999.0,3.26,18.78
2025-05-31,0.47,52.96,-999.0,3.95,24.56
2025-06-01,0.45,46.88,-999.0,4.07,18.75
2025-06-02,0.43,40.95,-999.0,2.9,19.14
2025-06-03,0.43,47.23,-999.0,4.63,11.79
2025-06-04,0.44,50.18,-999.0,3.56,23.37
2025-06-05,0.43,56.8,-999.0,3.15,20.58
2025-06-06,0.41,48.52,-999.0,3.31,25.63
2025-06-07,0.4,40.98,-999.0,3.93,23.41
2025-06-08,0.38,43.98,-999.0,3.5,20.03
2025-06-09,0.38,48.0,-999.0,3.21,16.93
2025-06-10,0.42,56.11,-999.0,2.62,15.16
2025-06-11,0.72,75.51,-999.0,2.94,14.99
2025-06-12,0.59,74.44,-999.0,3.11,14.58
2025-06-13,0.58,77.37,-999.0,3.96,11.87
2025-06-14,0.53,68.54,-999.0,4.38,20.8
2025-06-15,0.54,67.31,-999.0,3.67,13.86
2025-06-16,0.6,75.24,-999.0,3.06,10.79
2025-06-17,0.6,77.94,-999.0,3.92,18.63
2025-06-18,0.57,76.79,-999.0,3.31,13.98
2025-06-19,0.64,82.16,-999.0,3.64,18.17
2025-06-20,0.65,84.14,-999.0,3.87,14.67
2025-06-21,0.6,79.65,-999.0,3.88,17.31
2025-06-22,0.69,88.58,-999.0,3.18,16.96
2025-06-23,0.71,87.02,-999.0,4.33,14.83
2025-06-24,0.64,83.94,-999.0,3.08,17.27
2025-06-25,0.64,87.83,-999.0,2.98,13.5
2025-06-26,0.63,83.17,-999.0,3.29,19.25
2025-06-27,0.66,86.89,-999.0,3.94,16.29
2025-06-28,0.67,83.87,-999.0,3.27,17.08
2025-06-29,0.72,80.61,-999.0,2.98,9.47
2025-06-30,0.75,80.19,-999.0,4.67,6.89
2025-07-01,0.69,79.26,-999.0,3.72,24.11
2025-07-02,0.72,82.73,-999.0,4.09,15.25
2025-07-03,0.7,83.52,-999.0,4.16,12.31
2025-07-04,0.7,86.31,-999.0,3.88,17.64
2025-07-05,0.68,85.14,-999.0,5.01,8.1
2025-07-06,0.67,85.6,-999.0,4.93,10.52
2025-07-07,0.67,81.06,-999.0,2.93,18.63
2025-07-08,0.68,90.38,-999.0,3.79,14.65
2025-07-09,0.72,93.47,-999.0,4.81,6.06
2025-07-10,0.7,86.18,-999.0,4.55,12.92
2025-07-11,0.68,84.73,-999.0,4.11,20.73
2025-07-12,0.71,83.27,-999.0,3.07,23.82
2025-07-13,0.71,82.38,-999.0,2.71,20.52
2025-07-14,0.72,84.21,-999.0,4.22,18.47
2025-07-15,0.72,87.9,-999.0,3.13,20.54
2025-07-16,0.73,81.94,-999.0,2.03,14.23
2025-07-17,0.72,84.41,-999.0,5.29,18.69
2025-07-18,0.7,85.78,-999.0,3.36,20.59
2025-07-19,0.69,86.47,-999.0,3.84,22.61
2025-07-20,0.72,90.65,-999.0,6.23,7.23
2025-07-21,0.7,78.11,-999.0,3.61,20.38
2025-07-22,0.68,79.27,-999.0,4.33,24.07
2025-07-23,0.68,82.77,-999.0,2.92,23.25
2025-07-24,0.7,83.07,-999.0,3.4,22.54
2025-07-25,0.72,80.38,-999.0,3.01,19.97
2025-07-26,0.71,85.61,-999.0,3.9,14.97
2025-07-27,0.73,86.06,-999.0,4.13,12.84
2025-07-28,0.75,88.27,-999.0,4.03,12.21
2025-07-29,0.75,85.58,-999.0,5.02,15.62
2025-07-30,0.73,86.54,-999.0,4.7,10.88
2025-07-31,0.72,88.1,-999.0,5.42,17.55
2025-08-01,0.73,86.1,-999.0,3.4,17.14
2025-08-02,0.75,92.14,-999.0,6.22,9.55
2025-08-03,0.8,93.51,-999.0,2.21,2.56
2025-08-04,0.81,92.48,-999.0,4.58,11.55
2025-08-05,0.83,95.55,-999.0,3.64,3.58
2025-08-06,0.8,87.08,-999.0,3.81,8.63
2025-08-07,0.79,90.48,-999.0,3.28,20.01
2025-08-08,0.81,93.04,-999.0,5.0,12.43
2025-08-09,0.8,89.61,-999.0,4.76,16.63
2025-08-10,0.82,91.28,-999.0,4.56,12.93
2025-08-11,0.83,92.75,-999.0,1.96,11.03
2025-08-12,0.81,90.19,-999.0,4.48,15.18
2025-08-13,0.85,90.02,-999.0,4.07,10.89
2025-08-14,0.83,90.81,-999.0,2.78,12.78
2025-08-15,0.82,91.28,-999.0,4.37,12.88
2025-08-16,0.82,89.78,-999.0,4.42,19.43
2025-08-17,0.82,86.72,-999.0,3.61,14.79
2025-08-18,0.82,85.31,-999.0,2.42,18.59
2025-08-19,0.83,86.1,-999.0,3.84,17.43
2025-08-20,0.83,90.51,-999.0,5.0,16.94
2025-08-21,0.84,88.33,-999.0,3.4,21.23
2025-08-22,0.88,92.73,-999.0,4.04,13.34
2025-08-23,0.85,85.94,-999.0,4.05,18.75
2025-08-24,0.84,87.99,-999.0,4.05,16.77
2025-08-25,0.84,88.12,-999.0,6.25,13.22
2025-08-26,0.83,87.49,-999.0,3.93,17.76
2025-08-27,0.83,89.52,-999.0,4.17,16.66
2025-08-28,0.86,91.2,-999.0,4.13,12.3
2025-08-29,0.86,91.21,-999.0,3.17,8.98
2025-08-30,0.86,87.34,-999.0,2.65,19.13
2025-08-31,0.87,90.78,-999.0,2.66,12.71
2025-09-01,0.86,85.68,-999.0,1.48,12.71
2025-09-02,0.86,80.99,-999.0,2.28,13.47
2025-09-03,0.86,81.48,-999.0,2.04,15.92
2025-09-04,0.85,84.08,-999.0,1.75,19.88
2025-09-05,0.85,82.4,-999.0,2.59,20.5
2025-09-06,0.85,84.67,-999.0,2.37,16.03
2025-09-07,0.86,93.9,-999.0,1.61,18.17
2025-09-08,0.86,92.43,-999.0,2.18,12.8
2025-09-09,0.86,91.65,-999.0,2.09,14.05
2025-09-10,0.87,92.43,-999.0,2.22,15.74
2025-09-11,0.87,93.04,-999.0,1.54,5.88
2025-09-12,0.86,89.13,-999.0,2.11,16.67
2025-09-13,0.87,91.94,-999.0,1.64,14.75
2025-09-14,0.88,93.85,-999.0,1.45,14.25
2025-09-15,0.9,96.13,-999.0,1.21,5.43
2025-09-16,0.89,92.14,-999.0,1.41,8.71
2025-09-17,0.89,93.83,-999.0,0.83,10.26
2025-09-18,0.89,89.95,-999.0,1.97,14.04
2025-09-19,0.88,89.0,-999.0,1.94,16.85
2025-09-20,0.88,88.83,-999.0,2.53,17.46
2025-09-21,0.86,85.81,-999.0,2.38,19.01
2025-09-22,0.86,84.34,-999.0,2.17,18.0
2025-09-23,0.86,87.07,-999.0,2.38,18.29
2025-09-24,0.85,87.83,-999.0,2.44,17.92
2025-09-25,0.85,88.36,-999.0,2.45,19.56
2025-09-26,0.85,84.23,-999.0,2.03,20.85
2025-09-27,0.84,83.46,-999.0,2.41,18.12
2025-09-28,0.85,88.88,-999.0,2.49,18.56
2025-09-29,0.85,91.28,-999.0,2.09,16.67
2025-09-30,0.84,89.29,-999.0,2.15,14.84
2025-10-01,0.84,85.35,-999.0,2.06,15.94
2025-10-02,0.86,88.28,-999.0,1.55,12.58
2025-10-03,0.85,84.35,-999.0,1.78,16.62
2025-10-04,0.83,83.83,-999.0,2.61,17.02
2025-10-05,0.82,86.29,-999.0,2.69,17.38
2025-10-06,0.83,84.9,-999.0,2.04,-999.0
2025-10-07,0.82,78.56,-999.0,1.88,-999.0
